csv_no,place_id,naver_name,homepage_url
1,20951918,고은미인의원,http://www.goeunmiin.co.kr/
2,1721660349,마이닥터의원,http://www.mydrclinic.co.kr/
3,30824343,미소앤유의원,http://misoau.ad-media.kr/main
4,12764443,톡스앤필의원 관악서울대입구점,http://www.toxnfill10.com/
5,1099077098,닥터에버스의원 서울대입구점,http://www.evers3.co.kr/
6,1691462395,서울대입구예쁨주의쁨의원,http://www.ppeum25.com
8,32407189,라르떼의원 서울대입구점,http://larte.kr/seouluni/
9,1061940339,세이렌의원,http://www.seirenclinic.co.kr/
10,1298728582,미앤미의원 서울대입구역,http://su.branch.mimimi.co.kr/
11,1139033760,리부팅의원,https://rebootingclinic.co.kr/
12,2013481920,르비브의원,https://reviv.kr/
13,21301602,참맑은의원,http://www.charmclinic.kr/
14,13050711,진앤미의원,http://www.jnmskin.co.kr
15,13478433,라마르의원 이수역,http://www.isu-lamarskin.com/
16,1542495109,바로그의원 강남,https://barogclinic.com/branch/br12/subindex.php
17,1190471014,연세모나의원,http://www.monahair.co.kr
18,13569648,고운미의원,http://www.gounmiclinic.co.kr/
19,13149725,뉴케이의원,https://www.newkclinic.com/
20,1378843858,뷰티라운지의원 강남점,http://www.beautyloungeclinic.co.kr
21,1307870014,민앤민의원 강남점,https://drminskin.com/
22,1091004448,제이필의원 강남점,https://jfeelclinic.com/
23,1752902306,강남라렌의원,http://gwangmyeong.lareinegroup.co.kr/
24,1761787667,오롯의원,https://www.orotclinic.kr
25,1140081354,모리스의원,https://molessclinic.com/
26,12753967,삼성필의원,https://feel-clinic.co.kr/
27,1270615744,콜나움의원 강남,http://collnaum.co.kr/
28,13114570,루미에의원,http://www.lumieskin.co.kr
29,32435710,뮤즈의원 강남점 본관,https://gangnam.museclinic.co.kr/
30,11716679,프라임의원,http://primeskin.co.kr/
31,1878051676,리본의원,http://reborncorea.com/
32,13222753,연세조이의원 동작점,http://www.joyclinic.co.kr/
33,37774557,자연예쁨의원,http://nb-skin.com/
34,1499364517,디오레의원,https://dioreclinic.com/
35,37361917,오앤의원,https://on-clinic.co.kr/
36,1579955969,봄빛의원,https://www.bomvitclinic.com
37,33418580,설레임의원 강남,https://gangnamskin.co.kr/
38,31905981,하얀의원,http://boramaewhiteskin.com/
39,13344099,아이유의원,http://www.i-you.co.kr/
40,1867116380,닥터에버스의원 강남,https://evers19.co.kr/
41,1420242508,모던스탠다드의원,https://modern-standard.co.kr
42,33696021,강남연세라인의원,http://www.ylclinic.com/
43,2041892080,페슈의원,https://www.pecheskin.clinic/
44,1057583989,헤이데이의원 강남,https://heydayclinic.com/
45,1380019560,유앤아이의원 강남점,https://www.uni114.co.kr/
46,563223381,예쁨주의쁨의원 강남본점,https://sinnonhyeon.ppeum.com/about
47,1049028935,디에이치페이스업의원,https://faceup1.com
48,1805592301,피엘의원 용산,http://pielclinic.co.kr/
50,11875386,다미의원,http://www.damiskin.com/
51,1917789001,밴스의원 여의도,https://yeouido.vandsclinic.co.kr/
53,12945275,블루릿지의원,http://www.blueclinic.co.kr/
54,1649148555,큐티스의원,http://qtis.co.kr
55,1844309595,노벨의원,http://novelclinic1.com/
56,12914141,아이파크몰의원,http://www.iparkmallclinic.com/
57,1399144077,뷰티라운지의원 용산점,http://yongsan.beautyloungeclinic.com
58,2091952015,블리비의원 용산점,https://www.velyb.kr
59,1779471465,리엔뉴의원,http://www.rennew.co.kr
60,1357484247,블리비의원 구로점,http://www.velyb.kr/
61,2039367298,유앤아이의원 여의도점,https://www.yuduni114.co.kr/
62,32358887,아비쥬의원 구로,http://www.abijouclinicgr.com
63,1823850490,밴스의원 구로,https://guro.vandsclinic.co.kr/
64,1438120276,서울스타의원,http://seoulstarclinic.com/
81,1062568497,맥스웰의원 여의도점,https://yeouido.maxwellhair.com/
82,1881248227,타임리턴의원,http://timereturnclinic.com
84,697516747,강남메이퓨어의원,https://www.maypureclinic.com/gangnam
118,1127071234,닥터에버스의원 구로,https://evers22.co.kr/event20041
120,12899811,이화미의원,http://www.ewhabeauty.com/
121,1467427413,여의도더원의원,https://meast.theone114dyd.co.kr/index.php
122,1559244370,데이뷰의원 여의도,https://daybeauclinic08.com
123,1956327823,유앤아이의원 구로점,https://www.gruni114.co.kr/
146,1303487840,이유의원,https://litt.ly/reyouclinic
155,1106660845,제니의원 압구정역,http://jennyclinic.co.kr/
171,21414720,포헤어의원 서울점,https://www.forhair.co.kr
173,19777586,네오의원,http://www.neoclinic.kr/
184,1106214035,메이린의원 더현대서울,http://www.maylin.co.kr/thehyundai/
186,1193623746,디샤인의원,http://deshignclinic1.com/
191,1198402924,예스미의원,http://www.yesmeskin.com
209,37791171,라르떼의원 선릉점,http://larte.kr/
215,35228564,닥터디자이너의원 영등포,https://ydp.drdclinic.co.kr/s/zczh0
225,35849090,청담바롬의원,http://www.varom.kr/
233,13201099,미소미의원,http://www.misomeclinic.co.kr/
234,1410747876,엘리엇의원,http://www.elliotclinic.com/
235,38233475,메이퓨어의원 영등포점,https://www.maypureclinic.com/ko/
236,1315429869,데이뷰의원 영등포,https://daybeauclinic09.com/branch/
237,1563457239,영등포밴스의원,https://yeongdeungpo.vandsclinic.co.kr/
238,1344800595,유앤아이의원 영등포,https://www.ydpuni114.co.kr/
239,1338710579,닥터올린의원,https://drallinclinic.com/
243,1301333762,연세리엘의원,http://leighelclinic.co.kr/
248,1144723166,블리비의원 영등포점,http://www.velyb.kr/
249,1361507061,더원의원 서여의도점,https://mwest.theone114dyd.co.kr/index.php
253,1114870055,이승우의원,http://lswclinic.co.kr/
254,13435285,라마르의원 영등포,http://www.young-lamar.co.kr/
259,1774854927,사려니의원,https://saryeoni-clinic.com/
260,1418500637,미엘르인청담의원,http://www.mielleclinic.co.kr
268,19809910,미소지인의원,https://misoziin.co.kr/
270,1438456643,멘드의원,http://www.mendclinic.kr/
271,2027361278,메이퓨어의원 가산디지털점,https://www.maypureclinic.com/
272,13412468,라엘르의원,https://www.la-aille.com/
273,1344061520,아란의원,https://simte.xyz/아란의원이벤트
275,1844366062,포인트의원,http://www.pointclinic.co.kr
276,1315927961,호안의원,https://hoan.clinic/
280,37202629,호수의원,http://www.hosooclinic.com/
288,1011119306,가산연합의원,http://www.gasanclinic.com/
302,1636688482,김송이의원,https://www.ksy-clinic.co.kr/
312,1994928042,닥터선의원,http://drsunclinic.co.kr/
319,13588940,더맑은의원,http://www.theclearskin.co.kr/
328,1507224889,리앤유의원,https://www.renyou.co.kr
338,1773897155,닥터알의원,http://drrclinic.com/
341,2018950421,닥터디자이너의원 청담점,https://cheongdam.drdclinic.co.kr/
342,1619071850,청담아르티의원,https://silhouetteskin.com
351,1782553828,닥터오의원,https://www.dr-oclinic.com
352,1264306473,더블유의원,http://www.wclinics.co.kr
353,1683078159,티원의원 강남,https://t1clinic.com/
359,697516747,메이퓨어의원 수서점,https://www.maypureclinic.com/ko/
360,31051491,노바에스피부과의원,http://www.novasclinic.co.kr/
364,19737611,마이디피부과의원,http://www.mydskin.co.kr/
367,1842533876,초이스피부과의원 신사,https://skinchois.net/sinsa
376,2068820493,밀락씨의원,https://milaccclinic.com
379,32472870,수피부과의원,http://www.sooskin.co.kr
381,33156010,노블클래식의원 당산,http://nobleds.com
403,38507408,벧엘피부과의원,http://www.bethelskin.com/
410,11874484,CNP차앤박피부과의원 압구정점,https://www.cnpskin.com/pc/branch/main/main.html?jijummid=cnpskin04
419,2038808892,톤즈의원 광명점,https://www.tonesclinic.co.kr/gwangmyeong?lang=ko
434,697516747,메이퓨어의원 광명철산점,https://www.maypureclinic.com/ko/
450,1507212667,블리비의원 광명점,https://www.velyb.kr
462,2050044708,밴스의원 신촌역,https://sinchon.vandsclinic.co.kr/
474,1654543696,리피부과의원,http://www.leederma.com/
475,21111870,이에스의원,http://www.esbeauty.kr
481,1834797956,리더스피부과의원 청담명품거리점,https://leaders-mg.com/
487,1773991574,이상피부과의원 개포점,http://www.idealskin.co.kr
490,12929780,예사랑피부과의원,http://yeskinclinic.co.kr
493,1774304623,뷰티스톤의원 이수역,http://www.beautystoneisu.com
494,1898654892,에센셜의원,https://www.essentialclinic.co.kr/
495,1845467597,뷰티크의원 방배이수,https://beautyqueclinic1.com/?utm_source=naver&utm_medium=referral&utm_campaign=PL_BB
496,11492354,연세탑뷰티의원,http://www.sbclinic.kr/
497,13330174,피어봄의원 이수역,http://sc.pieobom.com/
498,2043330782,라셀의원,http://lacellclinic.com
499,12055664,비앤유의원,http://www.bnuclinic.com/
500,13336152,미앤아이의원 방배점,http://www.bb-meiclinic.co.kr/
501,2022751437,아너스킨의원,https://honorskinclinic.com
502,1292202722,르에이치의원,http://www.lehclinic.co.kr
503,2083451302,에이앤드의원,https://aandclinic.com
504,72491240,닥터방의원,http://doctorbang.co.kr/main/ko/index.html
506,34079081,웰스킨의원,http://www.wellskinclinic.net/
507,1324821191,새론바디의원,http://saeronbody-clinic.com/
508,13116471,리필업의원,http://www.refeelup.com/
509,1414349343,서울크리스탈의원,http://crystalskin.co.kr
510,1257565361,메이린의원 반포,https://maylin.co.kr/banpo/
511,13438381,메디라인의원,http://emediline.co.kr/
512,1648521473,르웰의원,https://lewellclinic.com/
513,12048455,민에스의원,http://www.min-s-clinic.com/
514,1370371904,연세청아린의원,https://www.calclinic.co.kr/
515,1109875748,블리스의원 반포,https://www.fybliss-clinic.com
516,1084261604,더웰니스의원,https://thewellnessclinic.co.kr/
517,2065176795,엘로페의원,https://elrophe.com
518,1995593727,닥터은빛의원,https://www.dreunvit.com
519,1166403466,오르타의원,https://www.ortaclinic.com/ko
520,1483028719,에르네의원,http://www.herneclinic.com
521,1257705699,블리비의원 목동점,http://www.velyb.kr
522,1096944354,강남엔비의원,http://www.envyclinic.co.kr
523,2061829640,더나의원,https://dernaclinic.com
524,1780329570,미의원 강남본점,https://mecl2.com/
525,1304716209,벨뷰의원,http://bellebeau.co.kr/
526,1085047679,아비쥬의원 강남역본관,http://www.abijouclinickn.com
527,1232665831,케이셀의원,http://kcellclinic.co.kr/
529,1329443938,세예의원,https://seyeclinic.com/ko
530,1879958636,강남비비의원,https://viiviiclinic.com
531,2068846141,디아르의원,https://www.diarclinic.com
534,1053189747,메이슨의원,https://masonclinic.kr/
535,1802597518,플래뉴의원,https://www.planewclinic.com/
536,1297476483,메이필의원,http://www.meifill.co.kr
537,1086421561,블리비의원 강남역점,http://www.velyb.kr
538,20697841,미엘르의원 강남점,http://www.mielleclinic.com/
539,1675296118,닥터제이앤비의원,http://www.drjnb.com
540,1210996160,아르필의원,http://arfill.com
541,12058214,샤인의원,http://mdshineclinic.co.kr/
542,1825757209,메이퓨어의원 목동점,https://www.maypureclinic.com/ko/
543,1080485971,뷰티라운지의원 목동점,http://mokdong.beautyloungeclinic.co.kr/
544,1166575040,올림 피움 채움 올피채의원 강남점,https://gn.ollpichae.com/
545,1191445503,베러미의원 강남,https://gangnam.bettermeclinic.co.kr/
546,1600894659,유픽의원 강남,https://gn.upicclinic.com/Board/event
547,2063637651,톤즈의원 강남역,https://www.tonesclinic.co.kr/gangnam?lang=ko
548,12015913,맑고고운라벨라의원,http://labellaclinic.com/
549,1416915961,강남 밴스의원,https://gangnam.vandsclinic.co.kr/
550,1729475514,다이아의원,http://www.diaclinic.co.kr
551,2055484700,벨리셀의원,https://gangnam.vellicellclinic.com/
552,31535921,뷰다임의원,http://www.beaudigm.co.kr/
553,2070871050,강남다움의원,http://gd-clinic.com/
554,1186332827,더왈츠의원,https://thewalts.co.kr/
555,20766802,리버스의원 강남역,http://www.reverseclinic.com/
556,35727092,리앤영의원 강남역,https://www.reandyoungclinic.co.kr
557,31068065,유앤미의원 강남본점,https://www.knyounmeclinic.co.kr/
558,21587581,톡스앤필의원 강남,http://www.toxnfill1.com/eventServiceInfo.php?c=2833
559,2140757216,너와의원,https://nuwaclinic.com
560,37917826,세븐레마의원,https://sites.google.com/view/7rema
563,1963556498,퀸즈의원,https://queensclinic.medisay.co.kr/
564,33461172,나세르의원,http://petitnacer.com
565,1231552557,맑고고운의원,http://purebeautyclinic.co.kr
567,1671998280,유앤아이의원 목동점,https://www.mokuni114.co.kr/
568,1139809541,뽀송의원 강남,https://pposong.clinic
569,31311504,아우름의원,http://www.aurumclinic.co.kr/
570,1536405320,메이비의원,http://maybeclinic.co.kr/
571,12008415,미앤미의원 강남,http://gn.branch.mimimi.co.kr/event/event_list.php
573,33509701,시안의원,http://www.cyanclinic.com/
575,1507212667,블리비의원 안양점,http://www.velyb.kr/
581,1644722101,안양 톤즈의원,http://tonesclinic.co.kr/anyang
583,32055259,베르니포레의원,http://www.verniclinic.co.kr/
587,1020864025,테라스의원,https://terraceclinic.com
593,34347070,연세아인의원,http://www.ysain.com/
596,1286224244,민앤정의원,https://minandjeong.com
597,34540408,라미에르의원,http://www.lamiereskin.co.kr/
598,1716399995,프리미엘의원 광화문역,https://primielclinic.co.kr
601,1255654626,닥터에버스의원 목동,https://evers10.co.kr/
602,13105867,산소의원,http://www.sansoclinic.co.kr/
603,1044139006,래인의원,https://www.leinclinic.com/
604,1932018758,목동 톡스앤필의원,http://www.toxnfill41.com/
605,1458970447,휴앤미의원,http://www.huenme.com
606,1284629888,소수의원,https://sosuclinic.com
607,1125906209,아비쥬의원 목동,http://www.abijouclinic-md.com
608,21646936,크크서울의원,https://kkseoul.com/
609,1058228597,프리미의원,https://primiclinic.com/
610,2005791982,포엔의원,https://poenclinic.kr/
611,1620920071,메종드엠의원,https://mdem.co.kr
613,2000777650,브이의원 강남,https://gangnam.vbeauty.co.kr/
614,1276653505,메이린의원 성수,https://maylin.co.kr/seongsu/
615,1368057470,목동제이의원,http://mokdongj.co.kr
616,1218451638,퍼플의원,https://www.purpleclinic.co.kr/
617,37206761,더고운의원,http://thegowun.co.kr/
618,11531146,클럽미즈라미체의원 잠실,http://www.lamiche.co.kr/index.php
619,37333055,웅선의원,https://www.88365.co.kr
620,2071252886,밴스의원 성수,https://seongsu.vandsclinic.co.kr/
621,37811473,본태의원,http://www.bonteclinic.com/
622,1878619422,디온의원 잠실,https://theonclinic-js.com
623,36643497,아비쥬의원 잠실,http://www.abijouclinicsh.com
624,1140469707,수앤은의원,https://www.sooneunclinic.com/
625,1222550365,나만의 즐거운 플랜 라라플랜의원,http://www.lalaplanclinic.com
626,31139513,피어봄의원 잠실,http://js.pieobom.com/
627,2030450917,왕십리 밴스의원,https://wangsimni.vandsclinic.co.kr/
628,1318357129,샤인더마의원 왕십리,http://www.shinederma.com
629,36003163,연세새봄의원,http://www.yssbbeauty.com/
630,34013154,라렌의원 왕십리,http://wangsimni.lareinegroup.co.kr/
631,2094410423,베러미의원 잠실,https://jamsil.bettermeclinic.co.kr/
632,37811472,메이퓨어의원 왕십리점,https://www.maypureclinic.com/ko/
633,37083761,잠실미의원,http://mecl8.com/
634,1232253947,파크뷰의원 잠실,http://www.parkviewjs.com/
635,36432334,유진미의원,http://eugeneme.com/
636,1640215769,톤즈의원 건대입구역,https://www.tonesclinic.co.kr/geondae?lang=ko
637,33238230,엑셀브이의원피부과,http://www.cpsclinic.co.kr/
638,1713021576,샤인유의원 건대입구역,http://shineyou-gd.co.kr/
640,1264142778,라비아의원,http://www.rabiaclinic.com/html_2017/
641,37935303,리영의원 건대입구역,http://kdreyoung.co.kr
642,33576093,제니바의원,https://jenivaps.com/
643,21667144,루미의원,https://www.lumiclinic.co.kr/
644,1965048978,리즈온의원 건대입구역,http://kondae.lizonclinics.co.kr
645,2093441645,닥터에버스의원 건대,https://evers25.co.kr/
646,1673849098,유앤아이의원 건대점,https://www.kduni114.co.kr/
647,13143671,예솜의원,http://www.yesomclinic.co.kr/
648,1280606336,건대예쁨주의쁨의원,http://www.ppeum17.com
649,1525142412,건대 톡스앤필의원,http://www.toxnfill6.com/
650,1449031712,블리비의원 건대점,http://www.velyb.kr/
651,37064170,하나미의원,http://www.1me.co.kr/
652,1598892221,미인동안의원,http://www.miindongan.co.kr
653,12077314,엘유라인업의원,http://www.luclinic.co.kr/
654,11818120,리연의원,http://www.yonclinic.com/
656,2018333452,샤인영의원,http://www.shineyoungclinic.com/
657,1050043225,프리즘의원,http://prismclinic.co.kr
658,1613508148,메이퓨어의원 구의역점,https://www.maypureclinic.com/ko/
659,1004046213,아이필유의원 강남,http://ifeelu.kr/
660,32811697,유앤아이의원 잠실점,https://www.jsuni114.co.kr/
661,1967969487,닥터린의원,http://www.drin92.com
662,20596983,포에버의원 홍제,https://hj.4-ever.co.kr
665,12811338,삼성프렌드의원,http://www.friendmc.com/
666,2061407729,밴스의원 잠실역,https://jamsil.vandsclinic.co.kr/
667,2056791701,톤즈의원 잠실역,https://tonesclinic.com/jamsil
668,1846788216,뉴리즈의원,https://newrizz.co.kr/jamsil
669,1579349308,뷰티라운지의원 잠실점,http://jamsil.beautyloungeclinic.co.kr/
670,2000076573,블리비의원 잠실점,https://www.velyb.kr/
671,1053007902,샤인봄의원 잠실,http://shinebom.com/
672,36358033,스마트의원,http://www.smartbeauty.co.kr/
673,1897340195,사적인아름다움지유의원,https://gu.clinic/
674,1922861972,닥터에버스의원 잠실역,https://evers13.co.kr/
675,1388969103,메이퓨어의원 잠실점,https://www.maypureclinic.com/ko
676,11381787,정의원,https://www.doctorlove.co.kr/
677,1784191348,뷰티크의원 청량리,https://beautyqueclinic2.com/?utm_source=naver&utm_medium=referral&utm_campaign=PL_CN
678,1494037379,블랑쥬의원,http://www.blancjou.com
679,36416902,맑은얼굴의원,http://cleanface.co.kr/
680,1706586525,밴스의원 화곡역,https://hwagok.vandsclinic.co.kr/
681,2014184047,글로우포트의원,https://glowport.kr/
682,1827437094,블리비의원 청량리점,http://www.velyb.kr
683,1770765594,예쁜나의원,https://www.yeppeunna.com
684,31111140,강남 피어봄의원,http://gn.pieobom.com/
687,1010088931,잠실 애슬리의원,https://athleyclinic.com
688,1602006184,닥터에버스의원 청량리,https://www.evers28.co.kr/
689,1407096013,아름다움을 써내려가다 에피소드의원 잠실,https://episode.clinic/naver
690,1073877207,네스트의원 강남,http://www.nestclinic.kr/
691,1865247011,다이브의원,https://dybeclinic.com
692,20459836,포에버의원 강서,https://gs.4-ever.co.kr
693,33890290,라더마의원,http://www.laderma.co.kr/
694,20054770,더화이트의원,http://thewhiteskinclinic.co.kr/gb/
695,1279492105,뷰커스의원 강서가양,https://beaucus.com
696,1249605952,가미의원,https://www.kamiskin.co.kr/
697,12975400,차앤유의원,http://www.cnuclinic.co.kr/
698,1615773150,디샤인의원,http://www.deshignsongpa.com
699,697516747,메이퓨어의원 산본점,https://www.maypureclinic.com/ko/
700,1252972942,쁘띠케이의원,http://petitk.co.kr
703,35379327,리영의원 잠실,http://www.reyoung.co.kr
705,38412202,아비쥬의원 청량리,http://www.abijoucliniccnn.com
707,34530215,비타미아의원,http://www.vitamia.co.kr/
708,37332506,닥터나인의원,http://www.dr9.co.kr/
709,1370980233,톤즈의원 강서발산점,https://www.tonesclinic.co.kr/gangseo
710,1516107544,예스필의원,http://www.yesfeelclinic.com
711,374011334,G5연합의원,http://g5clinic.com
712,1151134061,룩엣미의원,http://www.lookatmemj.com
713,33705411,제이드힐의원,http://www.jadehill.co.kr
714,1023723617,바로그의원 발산,http://barogclinic.com/branch/br06/subindex.php
715,2069705971,로체의원,https://locheclinic.com
717,1863450389,닥터에버스의원 마곡,http://evers2.co.kr/
718,1219387447,블리비의원 발산점,http://www.velyb.kr/
719,1163498901,리네아의원,https://lineaclinic.co.kr
720,1134191796,뷰티온의원 마곡점,https://gangseo.beautyon.co.kr/
723,1248753032,데이뷰의원 강서발산점,https://daybeauclinic01.com/branch/
724,1143729367,오가예의원 발산,https://www.ogayeclinic.com/
725,1952625367,아비쥬의원 강서,https://abijouclinicgs.com/
726,21908243,닥터포미의원,http://www.dr4me.co.kr/
727,11682276,연세미소의원,http://www.yonseimiso.com/
728,1954983293,스노우의원 마곡점,https://magok-snow.co.kr/
729,2098196790,비아프의원,https://www.beafclinic.com/
730,12959509,에스엔케이의원,http://www.snkclinic.com
731,1198402924,예스미의원,https://www.yesmi3899600.com
732,1195059636,강서톡스앤필의원,http://www.toxnfill32.com/
733,37057013,이소진의원,http://leesojin.co.kr/
735,1747931065,삼성맑은의원한의원,https://www.spureclinic.com/
737,1876125206,유앤아이의원 마곡점,https://www.mguni114.co.kr/
739,13489629,연세나눔의원,https://www.shareclinic.com/
740,12079919,연세팜스의원 은평,http://yonseifams.co.kr/
742,13088894,엘피스의원,http://www.elpisclinic.com/
743,1134208699,메이퓨어의원 미아점,https://www.maypureclinic.com/ko/
745,1342292303,포에버의원 천호역,https://ch.4-ever.co.kr/
747,35720239,미앤지의원,http://www.esupia.com
748,19526603,미체로의원,http://www.micheroclinic.com
749,13095537,연세조이의원,http://www.joyclinic.co.kr/
750,11856226,미앤미의원 천호,https://ch.branch.mimimi.co.kr/
753,20747302,아비쥬의원 천호,http://www.abijouclinicch.com
755,1617911502,리즈온의원 천호,https://cheonho.lizonclinic.co.kr
756,1745821822,유앤아이의원 천호점,https://www.chuni114.co.kr/m/reservation
757,2021083144,닥터에버스의원 천호,https://evers27.co.kr/
758,1068047136,베러미의원 마곡나루점,https://magoknaru.bettermeclinic.co.kr
759,34079081,웰스킨의원,http://wrskin.co.kr/
761,1507212667,블리비의원 성남모란점,http://www.velyb.kr/
764,1852248757,삼성더블의원,https://www.samsungdoubleclinic.co.kr
765,1566309725,사계절예쁨의원,http://allseasons4.kr/
766,2071050749,밴스의원 천호,https://cheonho.vandsclinic.co.kr/
767,1120668968,셀린의원 연신내역,https://www.cellinclinic0.com/
768,1958856197,페이스필터의원 천호,https://cheonho.facefilter.kr/
769,20609770,샤인의원,http://shineclinic.kr/
770,697516747,메이퓨어의원위례중앙점,https://www.maypureclinic.com/ko/
773,1317326103,미아사거리 톡스앤필의원,http://www.toxnfill39.com
774,1340858725,제너리스의원 연신내점,https://yeonsinnae.generless.com/
777,2001269123,벨로아의원,https://www.beloaclinic.com
778,1257265052,디에스타의원 강동천호,https://ch.diesta.co.kr/
779,1412310818,바로그의원 연신내,https://barogclinic.com/branch/br31/subindex.php
781,37072275,연신내메이퓨어의원,https://www.maypureclinic.com/ko/
782,36166727,유드림의원,http://www.udreamclinic.com/
783,1591585378,웃는세상의원,http://smile-clinic.co.kr/
784,1156445034,미소의원,http://sheasymedical.co.kr/
786,1747765969,성남태평 메이퓨어의원,https://www.maypureclinic.com/ko/
790,37035893,메이린의원 판교,https://maylin.co.kr/pangyo/
791,1512384906,섬세이의원,https://somsei.com/
794,697516747,메이퓨어의원 야탑점,https://www.maypureclinic.com/ko/
796,13484013,굿모닝의원,http://www.gm-slim.com/
798,19509257,라마르의원 강동점,http://www.gdlamar.co.kr
799,1204597950,아가파의원 성남점,http://www.agafarclinic.com/
800,35848908,시온뷰티의원,http://zionclinic.org
803,1218365017,뷰티온의원 돌곶이역점,https://dolgoji.beautyon.co.kr/event?seq=25
806,2094870439,상봉비브톤의원,https://sb.vivtone.kr/
808,13467615,봄으로가는의원,http://www.bomskin.com/
809,2038808892,톤즈의원 부천점,https://tonesclinic.co.kr/bucheon?lang=ko
810,37638268,청담준의원,http://cdjuneclinic.com/
813,12941724,닥터포유의원 미아점,http://dr4u.co.kr/
817,1204597950,아가파의원 미아점,http://www.agafarclinic.com/
818,1817832117,우리맑은의원,http://www.wooriskin.com
821,2038808892,톤즈의원 분당,https://tonesclinic.co.kr/bundang
822,1169563625,바로그의원 부천,https://barogclinic.com/branch/br28/subindex.php
824,697516747,수내메이퓨어의원,https://www.maypureclinic.com/ko/
837,12899811,이화미의원,http://ewhami.com/
838,1507212667,블리비의원 분당점,https://www.velyb.kr/
856,37791171,라르떼의원 수유역,http://larte.kr/suyou
857,20543392,미앤미의원 수유,http://sy.mipretty.co.kr/
858,1813249213,청담보드레의원,https://www.cd-bodre.com/
859,19737446,미애로여성의원 수유역,http://www.miaerosu.com/
860,20315125,예지미의원 수유점,https://suyuyjm.page24.app/
863,697516747,메이퓨어의원 부천점,https://www.maypureclinic.com/bucheon
864,1507212667,블리비의원 부천점,http://www.velyb.kr/
867,1120826233,바이린의원,https://bylynnclinic.co.kr
875,697516747,미금메이퓨어의원,https://www.maypureclinic.com/ko/
882,37485842,엔젤아이의원,https://angel-i.net
883,2081020092,슬로아의원 강동고덕,https://sloaclinic.com
885,32960076,라임의원,http://limeurology04.co.kr/
891,12949741,더샤인한스의원,http://mantamo.com/
893,697516747,메이퓨어의원 수원천천점,https://www.maypureclinic.com/
896,37912893,더베스트의원,http://www.bstps.com/
898,697516747,메이퓨어의원 구리점,https://www.maypureclinic.com/ko/
899,697516747,메이퓨어의원 화정점,https://www.maypureclinic.com/ko/
903,1507212667,블리비의원 구리점,http://www.velyb.kr/
906,2088950489,유앤아이의원 창동점,https://www.cduni114.co.kr/
913,1945163777,다시봄날의원 노원,https://nw.springdayclinic.com/
914,1433837246,셀린의원 노원점,https://www.cellinclinic11.com/
916,1829740253,샤인빔의원 노원,http://nowon.shinebeam.co.kr/
917,1182154118,노원아이디의원,https://nw.idclinic.co.kr/
918,697516747,메이퓨어의원 수지점,https://www.maypureclinic.com/ko/
920,1196020720,예쁨주의쁨의원 노원,http://www.ppeum22.com
921,1119233835,스노우의원 노원점,https://nowon-snow.co.kr/
923,2004696620,클라리제의원,https://www.clariseeclinic.com/
927,1429665277,블리비의원 노원점,http://www.velyb.kr/
931,697516747,메이퓨어의원 인천계양점,https://www.maypureclinic.com/ko/
932,1847636293,노원 톡스앤필의원,http://www.toxnfill15.com/
934,1907293354,로젤의원,http://www.rozel.co.kr/
937,1507212667,블리비의원 안산점,http://www.velyb.kr
938,1930439555,닥터에버스의원 노원,https://www.evers4.co.kr
940,2038808892,톤즈의원 인천,https://www.tonesclinic.co.kr/incheon
941,2038308637,타토아의원 노원,https://tatoanw.co.kr
942,1351354240,플러스후의원 노원점,https://www.plushu.co.kr/
946,1507212667,블리비의원 인천부평점,http://www.velyb.kr/
950,1142014574,고움의원,http://goumclinic.co.kr
959,1395403454,리버스의원 노원역,http://nw.reverseclinic.com
962,1359348365,메이퓨어의원 중계은행사거리점,https://www.maypureclinic.com/ko/
976,19509542,샤인필의원,https://sites.google.com/view/shinefeel/%ED%99%88
982,37746294,라클라라의원,http://www.laclara.co.kr
983,697516747,메이퓨어의원 하남점,https://www.maypureclinic.com/ko/
984,2038808892,톤즈의원 하남미사점,https://www.tonesclinic.co.kr/hanam
989,1340650914,리엔장의원 하남미사,https://intro.lienjang.net/re/Bokeie
990,1507212667,블리비의원 하남미사점,http://www.velyb.kr
1000,697516747,메이퓨어의원 광교점,https://www.maypureclinic.com/ko/
1001,13341123,고은미즈의원,http://www.gomiz.co.kr/
1002,1204597950,아가파의원 계양점,http://www.agafarclinic.com/
1003,2038808892,톤즈의원 수원광교점,https://tonesclinic.co.kr/gwanggyo
1020,1973309202,페이스필터의원 수원,https://litt.ly/facefilter
1051,1340650914,리엔장의원 인천,https://intro.lienjang.net/re/Oycmsf
1052,1507212667,블리비의원 인천구월점,http://www.velyb.kr/
1061,1507212667,블리비의원 수원점,http://www.velyb.kr
1071,1204597950,아가파의원 주안점,http://www.agafarclinic.com/
1073,1246286856,더예쁨의원 배곧본점,https://litt.ly/deoyeppum_event
1082,1507212667,블리비의원 수원인계점,http://www.velyb.kr/
1086,1224739010,맑은윤의원,http://www.dr-yoonpure.com
1098,2038808892,톤즈의원 인천검단점,https://tonesclinic.co.kr/geomdan
1109,1507212667,블리비의원 일산점,http://www.velyb.kr
1127,2038808892,톤즈의원 일산,https://tonesclinic.co.kr/ilsan
1136,1204597950,아가파의원 김포점,http://www.agafarclinic.com/
1139,1307315718,영통 메이퓨어의원,https://www.maypureclinic.com/ko/
1141,1312105214,수원망포 톤즈의원,https://www.tonesclinic.com/mangpo?lang=ko
1144,1507212667,블리비의원 경기광주점,http://www.velyb.kr/
1145,2056791701,톤즈의원 경기광주,https://tonesclinic.com/gwangju?lang=ko
1152,697516747,메이퓨어의원 일산점,https://www.maypureclinic.com/ko/
1153,697516747,메이퓨어의원 인하대역점,https://www.maypureclinic.com/ko/
1183,2038808892,톤즈의원 의정부,https://tonesclinic.co.kr/uijeongbu?lang=ko
1188,1507212667,블리비의원 의정부점,http://www.velyb.kr
1199,697516747,메이퓨어의원 화성병점점,https://www.maypureclinic.com/ko/
1202,1479725215,참고은의원,http://www.cgeskin.com/
1210,697516747,메이퓨어의원 평내호평점,https://www.maypureclinic.com/ko/
1214,697516747,메이퓨어의원 의정부민락점,https://www.maypureclinic.com/ko
1216,697516747,메이퓨어의원 김포장기점,https://www.maypureclinic.com/ko/
1220,1507212667,블리비의원 동탄점,http://www.velyb.kr
1222,2038808892,톤즈의원 동탄점,https://tonesclinic.co.kr/dongtan
1223,697516747,메이퓨어의원 진접점,https://www.maypureclinic.com/ko/
1229,21301602,참맑은의원,http://www.chamclinic.co.kr/
1243,2038808892,톤즈의원 용인,https://tonesclinic.co.kr/yongin
1247,36534676,청담뷰의원,http://cdview.co.kr/
1251,1507212667,블리비의원 김포점,http://www.velyb.kr/
1253,702351732,메디큐브의원 강남신논현역,http://medicubeclinic.com/en/index.asp
1254,1295597281,프리아의원,https://www.pria.clinic
1273,1520220653,아름다운의원,http://mi-skin.net/
1277,345462873,뉴스타의원,http://newstarclinic.co.kr/
1279,19520402,청담의원,http://cdclinic.kr/
1283,12899811,이화미의원,http://ewhame.com
1292,2056791701,톤즈의원 평택,https://tonesclinic.com/pyeongtaek?lang=ko
1295,1243588461,서울의원,http://dr9clinic.com/
1305,1507212667,블리비의원 평택점,http://www.velyb.kr
1309,2054142374,바로그의원 평택,https://barogclinic.com/branch/br32/subindex.php
1331,1507212667,블리비의원 천안점,http://velyb.kr
1332,697516747,메이퓨어의원 천안점,https://www.maypureclinic.com/ko/
1345,1507212667,블리비의원 춘천점,http://www.velyb.kr/
1346,1299663122,연세미라클의원,https://yonseimiracle.creatorlink.net/
1361,1507212667,블리비의원 원주점,http://velyb.kr
1374,31862065,더고운의원,https://thegounclinic.co.kr/
1375,38403325,미소톡의원,https://sites.google.com/view/misotok-clinic/
1377,1507212667,블리비의원 청주점,http://www.velyb.kr/
1394,12063606,수앤미의원,http://sandm.kr/default/
1399,1507212667,블리비의원 세종점,http://velyb.kr
1413,1507212667,블리비의원 대전점,http://www.velyb.kr
1423,2038808892,톤즈의원 대전둔산,https://tonesclinic.co.kr/dajeond
1442,2027205687,도자기의원,https://www.dojagiclinic.com/
1443,1986853175,메티의원,http://www.meticlinic.com/
1444,1939772755,닥터케빈의원,https://www.dr-kevin.com/clinicInfoDrK/intro.php
1448,19513486,삼성수의원,https://sites.google.com/view/samsungsu/
1452,1477717192,바로그의원 익산,http://barogclinic.com/branch/br22/subindex.php
1470,31941425,센텀쁘띠의원,http://www.centumbeautyjj.com/
1478,1507212667,블리비의원 전주점,http://www.velyb.kr
1497,1507212667,블리비의원 구미점,http://www.velyb.kr/
1510,1660180885,모디헤어플란트의원,http://www.modihairplant.com/
1511,20299845,옥건헤어라인의원,http://ok-hairline.com/intro.php
1513,31144096,트윙클의원,http://www.twinkleclinic.com
1514,1476318926,샤인의원,http://shineclinic7.com/
1515,1110539975,리필톡의원,http://lifilltoxclinic.com/
1516,1844720694,소이의원,https://www.soiclinic24.co.kr/
1517,12929433,리치미의원,http://reachmi.co.kr/
1518,1478354860,플래티넘의원 신사,https://bit.ly/3IGIG25
1519,2021696669,더이뻐의원,https://www.theippo.co.kr
1520,1191519587,밴스의원 신사역,https://sinsa.vandsclinic.co.kr/
1521,1926719317,레리의원,https://leliclinic.com/
1522,34043537,비오페이스의원,https://bioface.kr/
1523,1680275454,키올의원,https://kyol.world
1524,1165583764,베일러의원 신사,https://bailorclinic.com/
1525,2044825092,듀이디의원,http://www.dewydclinic.com/
1526,19952629,핑슬림의원,https://pingclinic.kr
1527,13348372,이나영피부과의원,https://www.leenayoungskin.com/
1529,1490001281,플로레스피부과의원 방배,http://floresclinic.co.kr/
1530,1244563795,이은피부과의원,http://www.le-derma.com
1531,20080372,메리트피부과의원,http://www.meritskin.co.kr/
1532,1981901488,전혜주피부과의원,http://hjskinclinic.com/
1534,1322969942,연세스타피부과의원,http://mystarskin.co.kr
1535,1005464305,블레싱피부과의원,http://blessingskin.co.kr/
1536,1873904388,얼라이브피부과의원 반포본점,http://aliveskin.co.kr
1537,1908879886,톤앤업피부과의원,http://tnuskin.com/
1538,1439956603,브라이튼피부과의원 반포,http://brightenskin.co.kr/
1539,20648766,리뉴미피부과의원 서초,http://www.rnmeskin.com/
1540,1629715157,타임리스피부과의원 교대점,http://www.tlkyodae.com
1545,1863757036,누에보의원,https://nuevoclinic.com/
1554,31862065,더고운의원,http://thegounclinic.com/
1580,11734143,미라클의원,http://www.kjmiracle.co.kr
1587,1507212667,블리비의원 광주점,http://www.velyb.kr
1591,1768667477,데이뷰의원 광주상무점,https://daybeauclinic05.com/branch/
1605,1507212667,블리비의원 포항점,http://www.velyb.kr/
1609,1507212667,블리비의원 경주점,http://www.velyb.kr/
1614,1493933818,바로그의원 진주,http://barogclinic.com/branch/br29/subindex.php
1615,1507212667,블리비의원 진주점,http://www.velyb.kr/
1622,1507212667,블리비의원 순천점,http://www.velyb.kr
1630,1519273806,더하얀의원,http://www.thewhiteclinic.co.kr/
1632,1507212667,블리비의원 마산점,https://www.velyb.kr
1633,1856139544,바로그의원 마산,https://barogclinic.com/branch/br07/subindex.php
1649,1507212667,블리비의원 창원점,http://www.velyb.kr
1658,1937700497,굿닥터연합의원,https://sites.google.com/view/gooddoctorunion/%ed%99%88
1661,11559740,강한피부과의원,http://www.kangskin.co.kr/
1662,1012564882,서정 피부과의원,http://www.서정피부과.com/
1663,1775165923,바로그의원 진해,https://barogclinic.com/branch/br23/subindex.php
1667,36476894,르네상스의원,http://renaissance-clinic.com/
1671,1507212667,블리비의원 양산점,http://www.velyb.kr
1672,1823442812,바로그의원 양산,https://barogclinic.com/branch/br18/subindex.php
1679,1456913668,미미썸의원 김해점,http://www.mimisome.com
1690,1727090481,메이린의원 울산점,https://maylin.co.kr/ulsan/
1696,1507212667,블리비의원 울산점,http://www.velyb.kr
1701,1679808411,에시르의원,https://bit.ly/4nsC5Iz
1702,12944279,스타케이의원 울산,http://www.starkay.co.kr/
1703,33657463,라엘라의원,https://laella.co.kr/
1705,1209777887,스노우의원 울산점,http://ulsan-snow.co.kr
1709,1507212667,블리비의원 김해점,http://www.velyb.kr/
1719,1022274570,피브비의원 화명,https://pvbclinic.com/
1721,30844170,강남에스의원,http://www.s-clinic.kr/
1722,12306995,하이얀의원,http://www.white-skin.com/
1724,1649979951,더필의원,http://thefeelclinic.com/
1727,1567768054,바로그의원 울산동구,https://barogclinic.com/branch/br30/subindex.php
1728,2002599670,블리비의원 부산덕천점,https://www.velyb.kr
1729,2059777889,예쁨가득의원,https://ypgadeuk.com
1730,697516747,메이퓨어의원 부산덕천점,https://www.maypureclinic.com/ko/
1731,1456913668,미미썸의원 부산덕천점,https://mimisome.com/clinic/store.php?st_id=70
1732,13141313,쉬즈라인의원 덕천,https://szlinedc.com
1735,1326366129,새나의원,https://www.saenaclinic.kr/
1736,37873143,엘린의원 구서,http://www.lryn.co.kr/
1737,1200513941,뷰티203의원,http://beauty203.com
1738,1881632977,제니크의원 부산대점,https://www.jennyque.kr/
1739,32082694,브이엘의원,http://vlhospital.com/
1740,1558866093,케이케이의원,http://www.kkclinic.co.kr
1741,1725775115,단스위티의원,http://www.dansweetie.com/
1742,1123758116,매그넘의원,https://magnumclinic.co.kr/
1743,1902242546,올리원의원,http://olione.co.kr/
1744,1378754640,사랑이넘치는의원,http://www.loveskin.kr/
1745,12384929,쉬즈의원,http://www.shesclinic.kr/
1746,1132671697,리네이처의원,http://renatureclinic.com/
1747,33142340,미라인여성의원,http://miline.kr/
1748,36476894,르네상스의원,http://www.renaissanceclinic.kr/
1750,1570021773,드메르의원,https://demer-clinic.com/
1751,33211931,쉬즈위시의원,http://www.szwish.co.kr/
1752,13250465,삼성메디칼의원,http://www.sskin.co.kr
1753,686803703,하이미의원,http://www.highmi.co.kr
1754,1951395602,리쥬미의원,http://www.rejume.co.kr
1755,1380090440,닥터진앤모의원,http://www.drjin.kr
1756,13343970,피브엔의원,http://www.pvn.co.kr/
1757,36476842,노박젠틀브이의원,http://www.novak.kr/
1758,1404507294,잘빼는에스의원,http://slimfacebody.co.kr/
1759,1932242287,청담진의원,http://chungdamjin.com
1760,1067208493,원클리닉의원,http://oneclinicdiet.com/
1761,12840162,체미안의원,http://chemian.kr
1762,1283004556,파라다이스의원,http://paradiseclinic.co.kr/
1763,1950479375,리즈온의원 부산,https://busan.lizonclinic.co.kr
1764,2047238922,더올림의원 서면역,https://theolimclinic.co.kr/
1765,2047785922,닥터에버스의원 부산서면,https://evers23.co.kr/
1766,1102807864,리쥬브포맨의원,http://rejuveforman.com/
1767,34677944,아트의원,http://www.artvs.co.kr/
1768,1264306473,더블유의원,http://wclinic100.co.kr/
1769,2002924121,데이뷰의원 부산서면점,https://daybeauclinic15.com
1770,1817665838,바노바기의원 부산,https://banobagiclinic1.com/
1771,2097969138,스노우의원 부산서면점,https://busan-snow.co.kr/
1772,37683931,더시크릿의원,http://thesecretface.com
1773,897970443,비오비의원 부산서면,http://www.bobps.co.kr
1774,21414720,포헤어의원 부산점,https://www.forhair.co.kr
1775,257520710,아루다의원,https://arudaclinic.com/
1776,1261205628,톡스앤필의원 부산서면,https://www.toxnfill12.com/
1777,1187948168,레이필의원,http://layfeel.co.kr
1778,1905742217,엔킴의원 부산서면,http://www.nkim.kr
1779,1186732140,마노필의원,https://manofeel.com
1780,1323843344,더붐의원 부산서면,http://theboomclinic.com
1781,1480551248,닥터셈매직뷰티의원 부산서면,http://매직뷰티.com
1782,11689193,예미안박권식의원,http://www.예미안박권식.kr
1783,1420634371,언제나봄날의원,https://bomnal-clinic.com/
1784,20367457,미앤아이의원 부산점,http://www.bs-meiclinic.kr/
1785,277602758,엘리스의원 부산서면,http://ellisclinic5.co.kr/
1786,21560458,미엘르의원 부산서면,http://www.clinicmielle.com/
1787,1554409204,밴스의원 부산,https://busan.vandsclinic.co.kr/
1788,11544288,압구정날씬의원,http://www.kgkgkg.co.kr/
1789,13325444,프리미엄에스의원,http://www.clinicpremiums.com/index/
1791,32800274,뮤즈의원 부산서면점,http://museclinic.co.kr/busan/
1792,1684671641,쁨글로벌의원 부산점,https://busan.ppeum.com/
1794,1057806171,지니어스의원,http://geniusclinic.co.kr/
1795,1150285222,블리비의원 부산서면점,http://www.velyb.kr/
1796,1156445034,미소의원,http://misoclinic.co.kr/
1797,1321788535,유앤아이의원 부산점,https://www.bsuni114.co.kr/
1799,2038808892,톤즈의원 부산서면역,https://tonesclinic.co.kr/seomyeon?lang=ko
1800,1247241476,부산 맘모스헤어라인의원,http://mammothbusan.com/
1801,1428359052,플로리아의원 부산서면,https://www.floriaclinic.co.kr
1802,1950381238,서울더빛의원,http://서울더빛의원.kr
1804,1970086114,바라봄의원,http://barabom-skin.co.kr/
1805,19528127,고운얼굴의원,http://gounclinic.com/
1806,33979595,닥터웰뷰티의원,https://dwbeauty.co.kr/
1807,1415199265,미소의원,http://www.msclinic.net
1808,38734510,수정의원,http://q-ps.net/
1809,346441534,제이린의원 해운대센텀,http://www.jryn2.co.kr
1810,36351422,드라마101의원,http://drama101.co.kr/
1811,1394068620,더젠의원,http://www.zenclinic.co.kr/
1812,1614116259,센텀리즈온의원,https://centum.lizonclinics.co.kr/branch/main/
1813,1776009650,워너비의원 부산 해운대,http://wannabeclinic.co.kr/
1814,13350771,제니크의원 부산 센텀점,https://www.jennyque.kr/
1815,37256620,센텀엘의원 해운대센텀,http://www.elclinic.kr/
1816,37575371,청담에이스의원,http://www.cdace.co.kr/
1817,36476978,디엘의원 해운대센텀,https://www.dlskin.co.kr
1818,2017618109,부산센텀 밴스의원,https://centum.vandsclinic.co.kr
1819,1723630896,센텀릴리의원,http://www.centumlilyclinic.com
1820,1207594789,미담의원 해운대센텀,https://midamclinic.com/
1821,1873342574,미앤미의원 부산센텀시티점,http://hw.branch.mimimi.co.kr/
1822,19535010,미안의원 센텀점,http://www.mianclinic.com/
1823,31941425,센텀쁘띠의원,http://centumpetit.com/
1824,36932069,센텀연의원,http://www.beautyeon.com/
1825,2093079413,블리비의원 부산센텀점,https://www.velyb.kr
1826,1172244324,엘앤비의원,https://www.elnb.co.kr/
1827,1463425001,멜비유의원,http://merveilleux.kr
1828,1494725782,메이린의원 해운대센텀,https://maylinbusan.com/
1829,1519273806,더하얀의원,http://www.thehayan.co.kr
1830,1656388341,오아시스의원 부산대연동,http://oasisclinic.kr
1831,11730634,아름다운피부과의원,http://beautifulskin.mediguru.kr/
1832,33208983,와이케이박윤기피부과의원,http://www.doctoryk.com/
1833,19523057,뉴의원,http://www.newclinic.kr/
1834,1219718658,닥터스피부과의원 반포점,https://banpo.doctors365.co.kr
1835,36680191,에세이피부과의원,http://www.essayskin.co.kr/
1836,1578147167,블리비의원 부산경성대점,http://www.velyb.kr
1837,20656362,예뻐지는의원,http://beautyclinic.kr/
1838,1237390684,메디아트의원,http://www.bmediart.co.kr/
1839,35210451,클린앤뷰티의원,http://www.cnbclinic.co.kr
1840,36470273,청담포유의원,http://chdforu.com
1841,11892845,리온의원 부산대연동,http://reon-clinic.co.kr
1842,11887253,김연진의퓨린피부과의원,https://drpureen.com/
1843,36663018,센텀코어의원 부산 해운대,http://centumcore.com
1844,1833605997,라벨르의원,http://labelle-medical.co.kr/
1845,13508566,연세메디컬의원,http://www.ymskin.kr/
1846,21066740,임페리어의원 해운대센텀,http://www.imperio.co.kr
1847,1420794436,바로그의원 거제,https://barogclinic.com/branch/br20/subindex.php
1848,1204919649,이노의원 해운대,https://innodoc.com
1849,13034570,비치안의원,http://www.비치안.com/
1851,31941425,센텀쁘띠의원,http://centumbeautygeoje.com/
1852,1809906710,뷰에르의원,https://beauclinic.co.kr/
1853,1936147365,에스더의원,http://esther-skinclinic.com
1854,1051162109,제이영의원,http://www.jyoungclinic.com
1855,1647015551,바로그의원 해운대,https://barogclinic.com/branch/br04/subindex.php
1856,2091755531,밴스의원 해운대,https://haeundae.vandsclinic.co.kr/
1859,13291668,연세유엘르의원,http://www.youelle.co.kr/
1860,21667074,미사랑의원,http://www.melove99.com/new2016/index.html
1861,31862065,더고운의원,http://2013beauty.co.kr/
1862,37459667,포에버의원 제주,https://jj.4-ever.co.kr
1863,1234427845,로하스의원,http://lohasclinic.co.kr/
1864,37864833,늘봄미아름의원,https://www.miareum.com
1865,1716894342,더미인의원,http://www.themiin.co.kr/
1866,1887293691,밴스의원 제주,https://jeju.vandsclinic.co.kr/
1867,1159158709,뷰앤미의원,https://www.vnmclinic.com
1868,1507212667,블리비의원 제주점,http://www.velyb.kr/
1869,36447748,연세모벨르의원,http://www.mobellejj.co.kr/
1870,1402304927,서울뉴라인의원,https://seoulnewline.com/
1871,1005550303,톡스앤필의원 제주점,http://www.toxnfill46.com/
1872,37942611,쁨글로벌의원 제주점,http://www.ppeum31.com
1873,1723768976,아미의원,http://www.jeju-amiclinic.com/
1874,1439061879,어울림의원,http://eoullim-clinic.com
1875,1385076107,더리프트의원,http://제주리프팅.com
1877,1290525958,연세탱탱피부과의원,http://www.ytengteng.com
1878,13316780,관악오라클피부과의원,http://www.oracleclinic.com/new/doc/net_main.php?netId=6&NVKWD
1879,1939007835,휴먼피부과의원 서울대점,http://humansnu.co.kr/
1880,694128756,오아로피부과의원 이수점,http://www.oaro.co.kr/
1881,1417129462,새오름피부과의원,http://saederma.com
1882,1224020985,오아시스피부과의원,http://www.oasisderm.co.kr
1883,19528564,김윤섭피부과의원,https://www.kimskinclinic.co.kr
1884,11699466,자스민피부과의원,http://www.jasminett.com
1885,1198344235,갤러리아피부과의원 반포잠원 본점,https://galleriaskin.com/
1886,13078003,해피부과의원,http://www.haeskin.com/
1887,1328797059,순수안피부과의원,http://soonsooan.co.kr/
1888,1055381077,프라이즈피부과의원,https://prizemedi.com/
1889,36477204,이화사랑피부과의원,http://www.ewhaskin.co.kr
1890,1351577849,리뉴피부과의원,http://renewskin.co.kr/
1891,19952115,함초롬피부과의원,http://www.hamchorom.net/
1892,1499746601,더힐피부과의원,http://thehillderma.com
1893,12765780,제이스타피부과의원,http://www.jsskin.co.kr/
1894,36519554,연세고운피부과의원,http://www.ysbeautyskin.com/
1895,1329847386,JM김정민피부과의원,http://jmskin.co.kr
1896,13494681,루트테마피부과의원,http://www.themeskin.kr/
1897,12837180,아이러브피부과의원,http://www.iloveskin.kr/
1898,19520829,이지함피부과의원,https://www.ljh.co.kr/
1899,11728429,클린업피부과의원 강남,http://www.upskingn.co.kr/
1900,11724353,예인피부과의원,http://yeinskin.com/
1901,1621030347,제로피부과의원,https://www.zerodermaclinic.com/
1902,1915335964,히어피부과의원,https://heerskin.com
1903,1272422504,나인피부과의원 강남,http://www.9skin1.co.kr/
1904,31469722,지앤영피부과의원,http://www.gnyoungskin.com
1905,1200486557,딜라이트피부과의원,https://delight-skin.com/
1906,11659109,라인피부과의원,http://www.skinline.co.kr/
1907,13323823,임이석테마피부과의원 신사,https://www.beautyskin.kr
1908,1776144126,휴먼피부과의원 용산,http://yshuman.co.kr
1909,1651463386,페이브피부과의원 용산,https://faveclinic.com/
1910,1123496753,리프티크피부과의원 신사,https://www.liftique.co.kr
1911,13202168,국홍일국정표 피부과의원,https://www.modoodoc.com/hospital/5036/국홍일국정표-피부과의원-서울-양재동
1912,1112167777,디오디피부과의원 용산,http://dodskinys.com
1913,2000008530,젤리피부과의원,https://jellyderma.com/
1914,1570012646,멜로우피부과의원 영등포,http://doctormellow-ydp.com
1915,1726400651,오아로피부과의원 신사점,https://oarods.co.kr/
1916,13174396,유영호피부과의원,http://www.scalingskin.co.kr/
1917,606936919,연세봄빛피부과의원,http://www.ysbb.co.kr/
1918,1330670641,연세동안의원,http://vipclinic.co.kr/
1919,12768225,밴스의원 공덕역,https://mapo.vandsclinic.co.kr/
1920,1634048454,BF작은별피부과의원,http://bfstar.co.kr/
1921,13217705,연세플러스의원,http://www.ysplusclinic.com/
1922,21295942,슈퍼스타피부과의원,http://www.superskin.co.kr/
1923,37383029,연세조은피부과의원,http://www.thegoodskin.co.kr/
1924,1921750389,어바인피부과의원,http://www.irvinederm.co.kr
1925,1649641294,메이퓨어의원 마포공덕점,https://www.maypureclinic.com/ko/
1926,1207974452,닥터에버스의원 공덕,https://evers16.co.kr/
1927,876877463,와이디의원,http://www.ydskinclinic.com/
1928,1282049031,에버유의원,http://everyou.co.kr/
1929,1414700189,더베이지의원,https://thebeigeclinic.com/
1930,20596982,포에버의원 마포,https://mp.4-ever.co.kr
1931,11479669,앤의원,http://www.annbeauty.co.kr/index.asp
1932,1069710518,다미의원,http://www.damiskinmapo.com/
1933,36428164,필라인의원,http://sinchon.feelineclinic.com
1934,20601850,나의미래피부과의원,http://mymirae.co.kr/
1935,1113713455,밀리의원 신촌,http://miliclinic.com/
1936,1647987552,유온느의원,https://uonneclinic.co.kr
1937,11687902,닥터포유의원 합정,https://www.닥터포유홍대.com/
1938,1435794678,힐스의원,https://www.healsclinic.co.kr
1939,1518107439,뷰티블라썸의원,https://beautyblossom.kr/
1940,1057160795,리즈온의원 홍대점,http://hongdae.lizonclinics.co.kr
1941,1289969704,닥터에버스의원 홍대입구역,https://evers12.co.kr/
1942,1582873143,쁨글로벌의원 홍대점,https://global.ppeum6.com/
1944,1798575337,톤즈의원 홍대입구역,https://tonesclinic.co.kr/hongdae
1946,1236512004,홍대아이디의원,https://hd.idclinic.co.kr/
1947,1343288693,뷰티라운지의원 홍대글로벌,http://hongdae.beautyloungeclinic.co.kr
1948,1142775705,차이의원,https://chaiclinic.co.kr
1949,1612729816,밴스의원 홍대입구역,https://hongdae.vandsclinic.co.kr/
1950,1032322360,케이트의원 홍대입구역,http://kateclinic.com
1951,2038776700,베러미의원 홍대,https://hongdae.bettermeclinic.co.kr/
1952,1053025657,리엘르의원 홍대점,http://www.re-ele.com
1953,1595730631,앤봄의원 홍대,https://kr.nbomclinic.com/s/rxzl2
1954,1445872882,에스리본의원,https://www.s-reborn.com/
1955,37191986,유앤아이의원 홍대신촌점,https://www.scuni114.co.kr/
1956,19530998,퀸즈피부과의원,http://5queen.com
1958,1022900971,프로젝트유의원 홍대입구역,https://www.projectuclinic.com/
1959,1295873629,풀페이스의원,http://fullface.co.kr/
1960,12792453,연세리앤피부과의원 영등포,https://www.leeand.co.kr/
1961,2030922217,제이필의원 홍대점,https://hongdae.jfeelclinic.com/
1962,1692380788,아비쥬의원 홍대,http://www.abijouclinichd.com
1963,1663726098,샤인빔의원 홍대입구역,http://hongdae.shinebeam.co.kr/
1964,11534389,클린업피부과의원 영등포,http://www.upskinydp.co.kr/
1965,13140339,사랑의피부과의원,http://skincha.ilikedoc.kr/
1966,1994979660,리엔장의원 홍대,https://intro.lienjang.net/re/Vzqfek
1967,13138491,벨아미 리노보의원,http://www.renovoh.co.kr/
1968,1254014851,블리비의원 홍대점,http://www.velyb.kr/
1969,1032117656,나인의원 홍대입구역,https://www.9skin2.co.kr/
1970,12861474,계피부과의원,http://www.kye.net/
1971,13049797,데이뷰의원 마포홍대입구역,https://daybeauclinic02.com/branch/
1972,1584469850,로바에의원 홍대,http://lovaeclinic.co.kr/
1973,12819802,동안피부과의원,http://www.youngface.co.kr/
1974,1815646405,리버스의원 홍대입구역,http://hd.reverseclinic.com
1975,1430213651,뷰티유의원 홍대,http://www.beautyuclinic.co.kr/
1977,38303578,메이퓨어의원 홍대입구점,https://www.maypureclinic.com/ko/
1978,1557749562,오로지의원,https://ohrosie.co.kr/s/zfjl1
1979,1364132049,미앤아이의원 망원점,http://mw-meiclinic.co.kr
1980,11688869,하얀나라린피부과의원,http://hayan.net/
1981,33625518,라렌의원 상암,http://sangam.lareinegroup.co.kr/
1982,1849897458,메이퓨어의원 상암DMC점,https://www.maypureclinic.com/ko/
1983,1177071668,프리미엘의원 상암,https://primiel.co.kr/
1984,11670190,우태하한승경피부과의원,http://www.wooskin.co.kr/
1985,37344702,샤인의원,http://shiine.co.kr/
1986,2008186980,더힐피부과의원 마포공덕점,http://thehealmapo.com/
1987,12056432,미소가인피부과의원 마포점,http://www.misogain.co.kr/mp
1988,1633285360,마포공덕에스앤유피부과의원,http://www.allskin.co.kr
1989,1633285360,에스앤유피부과의원,http://www.allskin.co.kr/
1990,38751645,닥터스피부과의원 공덕,http://gongdeok.doctors365.co.kr/
1991,2036149877,오르다피부과의원,https://ordaderma.com
1992,1307279860,아로하피부과의원,https://www.alohaskin.co.kr/
1993,20697517,닥터스피부과의원 신도림,https://sindorim.doctors365.co.kr/
1994,13096458,홍대고운세상피부과의원,http://www.gowoonss.com/hongdae
1995,11525253,서피부과의원,http://www.seoderma.co.kr/
1996,36016233,마인드피부과의원,https://mindskin.co.kr
1997,1210052845,피부사랑피부과의원 마포,http://www.skinlover.co.kr/index.asp
1998,1177896851,나의미래피부과의원 상암,http://my-mirae.com/
1999,19503844,더이다의원,https://www.idaclinic.kr/
2000,20149846,아미스킨의원 명동,https://www.amiskin.co.kr
2001,114783230,뮤즈의원 명동,http://myeongdong.museclinic.co.kr
2002,1746992819,디아브의원 명동,https://diav.clinic
2003,1402753960,명동2호점 밴스의원,https://myeongdong2.vandsclinic.co.kr/
2004,1059074958,구도피부과의원,https://kudo.kr/ko
2005,1184067480,뷰티라운지의원 명동점,http://myeongdong.beautyloungeclinic.com/
2006,36883029,올의원,http://www.allclinic.co.kr
2007,1071177575,다오의원,https://clinicdao.com
2008,1394628774,닥터에버스의원 명동점,https://evers20.co.kr/
2009,21560684,해피메디의원,http://happymedi.net
2012,2063784021,리진의원,https://www.lijinclinic.com/
2013,2048323974,에비아의원,https://eviaclinic.com
2015,20243343,제이디의원 명동점,http://www.truebeauty.co.kr
2016,1037398235,메이의원,http://mayclinic.kr/
2017,1351678354,빛이난다의원,http://btnanda.com
2018,1340650914,리엔장의원 명동,https://intro.lienjang.net/re/Tzwcvu
2019,2051368286,리엘르의원 명동점,https://md.re-ele.com/
2020,13587713,참조은피부과의원,http://www.good-skin.co.kr/
2021,2000756860,유픽의원 명동,https://md.upicclinic.com/
2022,30824173,리버스의원 명동역,http://md.reverseclinic.com
2023,1943327665,당신만의가치 벨유의원,http://www.valu-clinic.kr/
2024,1904014910,더프리티영의원,http://더프리티영의원.com/
2025,1528320866,유앤아이의원 명동점,https://www.mduni114.co.kr/
2026,2052956596,리나인의원,https://www.renine.kr/
2027,2020278752,우미의원,https://umi-clinic.com
2028,11670382,메디코스의원,http://www.medicos.co.kr/
2029,1053642172,블리비의원 명동점,http://www.velyb.kr/
2030,1226600111,쁨글로벌의원 명동점,http://www.ppeum16.com
2031,11714424,디오피부과의원,http://www.dioskin.com/
2032,1112668073,톡스앤필의원 명동점,http://www.toxnfill35.com/
2033,11736684,그랑메디의원,http://www.granmedi.co.kr
2034,33050228,단아의원,http://myeongdongclinic.com/
2035,2031699186,커브라인의원,https://curvelineclinic.com
2036,1159646885,데이뷰의원 명동점,https://daybeauclinic11.com
2037,2047291470,명동아이디의원,https://kor.idclinic.co.kr/md
2038,1632298593,밴스의원 명동,https://myeongdong.vandsclinic.co.kr/
2039,2005677330,톤즈의원 명동역,https://tonesclinic.com/myeongdong
2040,1128772158,헤이데이의원 명동점,https://heydayclinic2.com/
2041,1915739912,스페이스피부과의원,https://www.spacederma.co.kr
2042,1675942813,닥터디자이너의원 명동점,https://md.drdclinic.co.kr/
2043,33703613,어뉴의원,https://anewskin.kr/
2044,1272366785,라민의원,http://lamine.co.kr
2045,33956996,동대문메이퓨어의원,https://www.maypureclinic.com/ko/
2046,1102257927,뉴페이스의원,https://www.newfaceclinic.kr
2047,11482708,비엘티의원,https://bltclinic.co.kr/
2048,1556560647,동대문밴스의원,https://dongdaemun.vandsclinic.co.kr/web/event
2057,1413863573,더리버피부과의원,http://theriverderma.co.kr/
2065,1507212667,블리비의원 대구동성로점,http://www.velyb.kr
2072,1195294496,트리에피부과의원,http://trie.co.kr/
2075,36399081,타임리스피부과의원,http://www.tlskin.com/
2077,1801970940,바로그의원 동성로,https://barogclinic.com/branch/br05/subindex.php
2079,11877515,차앤박피부과의원 신촌점,http://sinchon.cnpskin.com
2084,20514809,메이저피부과의원 신촌점,http://scmajorskin.co.kr/
2085,13312155,신촌오라클피부과의원,http://www.skinland.com/
2087,11539014,연세스타피부과의원,http://www.yonseistar.co.kr/
2088,1101117273,블루미의원,https://www.bloomingclinic.co.kr/
2096,11570945,안진균피부과의원,http://www.derma119.co.kr/
2099,31088272,강남의원,http://www.knclinic.co.kr/
2100,1369690026,미소안의원,https://www.misoan.kr/
2101,2031155562,닥터스피부과의원 목동,https://mokdong.doctors365.co.kr
2102,1068082939,블리비의원 부산남포점,http://www.velyb.kr
2103,1454273873,새로고침의원,https://lamarclinic.co.kr
2104,1508654704,디데이의원 부산,https://dday.clinic
2105,13304725,목동미소가인피부과의원,http://www.misogain.co.kr/md/
2108,12956955,명동 리더스피부과의원,https://leaders-md.com/
2110,35136071,본피부과의원,http://bonskinclinic.com/
2111,13326363,유앤영피부과의원 명동,https://youryoungskin.com/
2112,31531342,리더스피부과의원 목동현대점,https://leaders-mh.com/
2113,32377299,구로우태하피부과의원,http://www.wooskin7.co.kr/
2114,11863699,아름다운나라피부과의원 명동점,http://www.globalanacli.co.kr/
2115,11868704,설피부과의원,http://www.seolskin.com/index.asp
2116,30938484,리더스피부과의원 목동트라팰리스점,https://leaders-mt.com/
2117,11844174,예인피부과의원,http://www.yeinskin-md.com/
2119,13296713,아이피부과의원,http://whiteipl.com/
2121,36276317,맑은성모 피부과의원,http://www.clearmary.com/
2122,1484966751,리멤버피부과의원 약수역점,http://rememberys.com
2124,13277687,에스앤유피부과의원,http://www.jongrosnu.com/
2126,1842533876,초이스피부과의원 평촌,https://skinchois.net/pyeongchon
2127,12771704,연세에스웰피부과의원,https://www.swellskin.com/
2128,19514469,홍피부과의원,http://www.hongskin.com/
2129,1073540490,맥스웰피부과의원 종로점,https://jongno.maxwellhair.com/
2130,21176231,강태욱피부과의원,http://ktwskin.co.kr/
2131,12048920,김동준피부과의원,http://www.hana-skin.com/
2132,20762323,엠제이(MJ)올피부과의원,http://www.mjallskin.co.kr/
2133,1266793255,아이리스피부과의원 성수,https://iris-derma.com
2135,1137402640,스누피부과의원,http://www.snuderm.com
2136,1033801174,서울올업피부과의원,https://www.allup.kr
2137,12785074,클래식피부과의원,http://www.classic-skin.com/
2138,1084536941,라온피부과의원,https://raonderma.com
2139,35978118,유앤아이피부과의원 왕십리점,https://www.wsnuni114.co.kr/
2140,1983303075,파스텔휴먼피부과의원,http://pastelskin.com/
2141,1567961281,포레스트피부과의원,https://forestskin.co.kr
2142,13191365,서아송피부과의원,http://www.sasclinic.com/
2143,34542205,리뉴미피부과의원 잠실,http://www.rnmeskin.com/
2144,13127296,예미고피부과의원,http://www.yemigo.co.kr/
2145,12010169,오라클피부과의원,http://www.oraclejs.com/
2146,12977883,소솜피부과의원,http://www.119som.com/
2147,20498601,연한풀피부과의원,http://www.tgskin.com/
2148,2057475895,벤자민피부과의원 명동,https://benjaminclinicmd.com/
2149,11532018,비앤씨피부과의원 건대점,http://laplusskin.com/
2150,20699911,연세힐피부과의원,http://www.healskin.co.kr/
2151,13221143,힐하우스피부과의원 건대점,https://healhousegd.com/
2152,12793782,플라워피부과의원,http://www.flowerskin.co.kr/
2153,37687036,홍피부과의원,http://www.hongskinclinic.com
2154,2049184691,셀로디피부과의원 강서점,https://ks.cellodyskin.com/
2155,1500877308,연세캔버스피부과의원,https://yscanvas.com/
2156,36604644,서대문우태하피부과의원,http://www.서대문우태하.com/
2157,1925969053,제이엘피부과의원,https://jlskinclinic.com/
2158,12814239,리뉴미피부과의원 홍제점,http://www.rnmeskin.com/
2161,19526846,서울참피부과의원,http://charmskin.net/
2162,13148038,리뉴미피부과의원 동대문점,http://www.rnmeskin.com/
2163,19521008,김영환피부과의원,http://김영환피부과.kr
2164,2056990683,잠실온피부과의원,https://ondermatology.com/
2165,2063181106,이스트피부과의원,http://estskin.co.kr/
2166,37575376,맑은문피부과의원,http://www.clearmoon.kr/
2167,12071128,잠실고운세상피부과의원,http://www.gowoonss.com/jamsil
2168,1923786316,봄봄피부과의원,http://bombomderma.com
2169,11538864,센스피부과의원,http://www.센스피부과.com/
2172,19515496,오라클피부과의원,http://www.hkoracle.co.kr/
2173,1176507854,닥터스피부과의원 잠실송파,http://jamsil.doctors365.co.kr/
2174,11543085,이고은피부과의원,http://www.ourskin.co.kr/
2175,19504262,프리마피부과의원 강서,https://www.primaderma.co.kr
2176,1988308026,동대문 닥터스피부과의원,https://dongdaemun.doctors365.co.kr
2177,1583668298,리멤버피부과의원 잠실나루역,http://rememberjs.com
2178,1853449771,오아로피부과의원 청량리,http://oarocnn.com
2180,1396593653,그랜트피부과의원,http://www.grantskin.com
2181,13096299,돈암고운세상피부과의원,http://www.gowoonss.com/donam
2182,12985428,듀오피부과의원,http://www.duoclinic.co.kr/
2183,1343973367,서울 더 맑은 피부과 의원,https://themalgeunskinclinic.com
2184,11881432,예인피부과의원 광진점,http://www.yeinskin-gg.com/
2185,13004832,CNP차앤박피부과의원 성신여대점,http://www.cnpskin.com/hos/main.php?groupid=cnpskin21
2186,37839542,미엘피부과의원,http://gs.mielskin.co.kr/
2188,12929780,예사랑피부과의원,http://paradox.ilikedoc.kr/
2189,12049090,연세모던피부과의원,http://www.ymodern.co.kr/
2190,11829763,연세피부과의원,http://www.skinyonsei.co.kr/
2191,1199693581,맑은우리피부과의원,http://clearus.co.kr
2192,12010169,오라클피부과의원,http://dfskin.co.kr/
2193,36283016,아름다운피부과의원,http://areumskin.com
2194,13526666,새하얀피부과의원 은평점,http://www.whitskin.com/
2195,1313756624,더끌림피부과의원,http://www.the-cclim.co.kr/?r=p
2196,12911256,오라클피부과의원 문정역점,http://oracleok.com
2197,422560394,연세희망피부과의원,http://www.heeskin.com/
2198,378959028,연세영피부과의원,https://yonseiyoungskin.medisay.co.kr
2199,2012003786,온오프피부과의원,https://onoffskin.imweb.me/
2200,21581929,휴먼피부과의원 강서,https://humangs.co.kr/
2201,851767849,윤스피부과의원,http://www.yoonskin.co.kr/
2202,11687661,김동건피부과의원,http://www.dkkskin.com/
2203,18851947,에스비피부과의원,http://www.ijinmi.co.kr
2204,1769256417,리윤피부과의원,http://www.leeyoonskin.com/
2205,35251778,휴먼피부과의원 은평점,http://humanep.co.kr/
2207,1787635483,닥터스피부과의원 은평점,http://eunpyeong.doctors365.co.kr
2209,11532498,채희재피부과의원,http://www.skinchae.co.kr/
2212,19524317,클렌피부과의원 송파잠실점,http://www.cleneskin.co.kr/
2213,2048541709,하이라인피부과의원,https://www.highlineskin.com
2214,1422363465,오가나셀피부과의원 마곡점,https://oganacell-magok.com
2215,1318664023,서울아트피부과의원,http://seoulartder.ad-media.kr/main
2216,1689399115,이든피부과의원,http://edenskin.co.kr
2217,12851811,천호이지함피부과의원,http://ch.ljh.co.kr/
2218,1459124883,나미피부과의원,http://namiskin.co.kr
2219,1883535987,멜로우피부과의원 천호점,http://www.doctormellow-ch.com/
2221,13585543,화이트피부과의원 천호,http://www.w-skin.co.kr/
2222,13316780,오라클피부과의원,http://www.oracleclinic.com/
2223,34897601,연세 아름다운 피부과의원,http://www.yonsei-beauty.com
2224,1654923801,웰스피부과의원 마곡,http://wellsclinic-magok.co.kr/
2225,11877509,차앤박피부과의원 천호점,https://www.cnpskin.com/pc/branch/main/main.html?jijummid=cnpskin11
2228,19513546,은평우태하피부과의원,http://www.epskin.com/
2230,13179938,나인피부과의원 연신내역,http://www.9skin.co.kr/
2231,31519998,연세SM피부과의원,http://yssmskin.com
2233,2083884555,숲피부과의원,https://www.soopdermatology.com/
2236,1346505858,청담엔케이피부과의원,http://www.nkskin.co.kr
2237,1549050552,갤러리아피부과의원 강동송파점,https://www.galleriaskings.com/
2238,1314478642,둔촌셀로디피부과의원,https://dc.cellodyskin.com/main.php
2239,37890942,에스앤유장승호피부과의원,http://www.snusinsa.co.kr/
2242,11874484,CNP차앤박피부과의원 부천점,https://www.cnpskin.com/pc/branch/main/main.html?jijummid=cnpskin19
2243,13312155,오라클피부과의원,http://www.skinland.com/
2245,19533862,백피부과의원,http://skindr.co.kr/
2249,13483539,노원우태하피부과의원,http://www.skinbest.co.kr/
2256,19521395,맑은성심피부과의원,http://www.pureheart.kr
2257,13475375,위드피부과의원,http://www.withderma.co.kr/
2259,12790688,온누리피부과의원,http://www.onnuriskin.co.kr/
2261,19994463,자이안피부과의원,http://www.zaian.co.kr/
2262,19514399,아벨피부과의원,http://www.abelskin.com/
2264,19534748,맑은피부과의원,https://clearder.qshop.ai/
2265,34078973,아름다운피부과의원,http://www.areum-skin.co.kr/
2266,11539925,체인지미피부과의원,http://www.change-me.com/
2268,1312202331,하늘호수피부과의원,http://www.skylakeskin.com/
2269,1850938822,강동오아로피부과의원,http://oarogd.com
2270,1048170895,하얀나라피부과의원,http://www.hanacli.co.kr/
2272,37839542,미엘피부과의원,https://short.ddocdoc.com/6myur2
2279,1842533876,초이스피부과의원,https://skinchois.net/hagye
2280,1566282395,스타피부과의원,http://starderm.co.kr/
2282,13081645,연세애드미피부과의원,http://www.addmiskin.com
2283,1300768153,타임리스피부과의원 고덕점,http://tlskin.kr
2285,1140242962,휴킨스피부과의원,http://www.hukins.co.kr
2290,1048170895,하얀나라피부과의원,http://www.white365.co.kr/
2292,1691638330,더스킨피부과의원,https://derskin.kr
2295,1304711274,리멤버피부과의원 노원,https://rememberno1.com
2297,11554406,클린업피부과의원 노원,http://www.upskinnw.co.kr/
2298,11541191,행복한피부과의원,http://www.happyskin.co.kr/
2299,12981278,강북이지함피부과의원,http://kb.ljh.co.kr/
2300,13087404,유앤영피부과의원 노원,https://youryoungskin.com/
2301,19732989,닥터로피부과의원,http://rhoskin.com/
2303,1133584053,행복한제이피부과의원,http://www.happyskin2.co.kr
2308,13467200,오아로피부과의원 노원본점,https://oaroskin.com
2313,1002324944,연세늘봄피부과의원,http://연세늘봄피부과.kr/
2315,37839542,미엘피부과의원,http://mielms.com/
2324,36283016,아름다운피부과의원,http://beautifulskin.kr/intro/map.asp
2337,11874484,인천CNP차앤박피부과,https://www.cnpskin.com/pc/branch/main/main.html?jijummid=cnpskin13
2351,13304725,미소가인피부과의원 일산점,http://www.misogain.co.kr/is/
2352,37839542,미엘피부과의원,http://sg.mielskin.co.kr
2355,13096274,일산고운세상피부과의원,http://www.gowoonss.com/ilsan
2356,37839542,미엘피부과의원,http://ic.mielskin.co.kr/
2361,36283016,아름다운피부과의원,http://www.arumskin.co.kr
2379,36283016,아름다운피부과의원,http://www.thebeautifulclinic.com/
2380,11874484,차앤박피부과의원 의정부점,https://www.cnpskin.com/pc/branch/main/main.html?jijummid=cnpskin17
2383,13312155,오라클피부과의원 검단점,http://www.skinland.com/html/inchon.php
2387,19524317,클렌피부과의원 송도점,http://www.cleneskin.co.kr/
2409,37839542,미엘피부과의원,http://gp.mielskin.co.kr/
2419,19516795,예스피부과의원,http://yesdermatology.com/
2426,11874484,차앤박 피부과의원 평택점,https://www.cnpskin.com/pc/branch/main/main.html?jijummid=cnpskin14
2429,32472870,수피부과의원,http://www.sooskinch.co.kr/
2431,11874484,CNP차앤박피부과의원 천안시청점,https://www.cnpskin.com/pc/branch/main/main.html?jijummid=cnpskin07
2432,36663015,성모피부과의원,http://www.smskin.co.kr/
2434,13316780,오라클피부과의원 천안신부점,http://www.oracleclinic.com/
2435,11874484,씨앤피차앤박피부과의원 천안아산역점,http://www.cnpskin.com/hos/main.php?groupid=cnpskin23
2438,19501338,피부사랑피부과의원,http://www.loveskin.co.kr
2441,11829763,연세피부과의원,http://www.yonsei-skin.kr/
2448,1317814625,서울피부과의원,https://csderma.kr/
2449,1709145105,블랑피부과의원,https://sites.google.com/view/blancskin
2454,11829763,연세피부과의원,http://www.yonseiderma.com/
2469,1566282395,스타피부과의원,http://www.starderma.co.kr/
2477,36283016,아름다운피부과의원,http://beautiskin.co.kr/
2479,36283016,아름다운피부과의원,http://군산아름다운피부과.com
2481,1317814625,서울피부과의원,http://seoul-skin.kr/home/
2486,11614171,박성현피부과의원,http://www.psh-skin.com
2496,13316780,오라클피부과의원 대구점,http://www.oracleclinic.com/new/doc/net_main.php?netId=14
2506,31699838,진피부과의원,http://jinskins.com
2518,36561630,애플피부과의원,http://www.appleskin.net/
2529,36283016,아름다운피부과의원,http://beauskin.co.kr
2534,31699838,진피부과의원,http://www.jinpibu.com
2537,21560530,미모아피부과의원,http://www.mimoaskin.com/
2539,12010169,오라클피부과의원,https://kjoracle.com
2554,12010169,오라클피부과의원,http://oraclekjbs.com
2558,12006595,고운피부과의원,http://www.lovelyskin.co.kr/
2564,12006595,고운피부과의원,http://www.jjgoun.co.kr/
2571,1317814625,서울피부과의원,http://seoulskinclinic.ilikedoc.kr/
2574,1048170895,하얀나라피부과의원,http://www.hayanskin.co.kr/
2575,13250868,고운피부과의원,http://www.goun-skin.co.kr/
2576,36283016,아름다운피부과의원,http://www.창원피부과.한국/
2588,12006595,고운피부과의원,http://gwskinus.com/
2590,11525253,서피부과의원,https://yeosuderma.com
2591,1266078485,더퍼스트피부과의원 부산본점,https://thefirstskin.co.kr/
2592,782906021,베스트피부과의원,https://www.bestskin.co.kr/
2594,1380151526,아르테피부과의원,https://artederm.co.kr
2595,13249911,박형근피부과의원,http://www.pibujoa.co.kr/
2596,1803111380,로아르피부과의원,http://www.loarclinic.com/
2597,1816791091,아카데미피부과의원,http://academydermatology.co.kr/
2598,1701465096,더고운피부과의원,https://www.thegounskin.co.kr
2599,37014166,파크피부과의원,http://parkderma.com/
2600,38507408,벧엘피부과의원,http://collagenbooster.mediguru.kr
2601,1642603713,포슬린피부과의원,http://porcelainclinic.com/
2602,20251684,동래준피부과의원,http://juneskin.co.kr/
2603,1604541088,선샤인피부과의원,http://sunshineskin.co.kr/
2604,1252493453,명지맑은피부과의원,http://맑은피부과.com/
2605,19532963,미래피부과의원,https://lij422.wixsite.com/miraeclinic
2606,1525881981,고운세상피부과의원 서부산점,http://gowoonsesang.kr/
2607,1264987300,메이준피부과의원,http://www.메이준피부과.com/
2608,33564942,오즈피부과의원,http://ozskin.co.kr/
2609,1394039574,더원피부과의원,http://theonederma.co.kr/
2610,1070272170,선샤인피부과의원,https://sunshineskin.kr/
2611,38331589,리제피부과의원 부산서면,https://www.lissederma.co.kr/
2612,1485363561,성재영이즈피부과의원 부산서면,http://easeskin.co.kr
2613,13459521,에스피부과의원,http://smsskin.com/
2614,1574757001,셀렉트피부과의원,http://www.sltskin.com/
2615,12020103,스타피부과의원 부산서면,http://www.star-pibu.co.kr
2617,1280489603,이현재피부과의원 부산서면,http://www.busanskin.co.kr/
2618,36912384,노블레스피부과의원,http://noblesse-pibu.com
2619,478250556,아름다운피부과의원,http://beautiskin.kr/
2620,11622069,부산이지함피부과의원,http://www.ljh.co.kr/
2621,1728673659,당신의피부과의원,http://yourskinclinic.co.kr/
2622,33595775,고운세상 김양제장봉석피부과의원,http://www.doctorkim.com/
2623,34773925,기장필피부과의원,http://feelskin.kr/
2624,12973830,백천피부과의원,http://backcheon.co.kr/
2625,37384125,수영센텀피부과의원,http://bcskin.kr/
2626,11603318,킴스피부과의원 대신,http://www.skin-today.co.kr
2627,11476092,신세계피부과의원,http://www.skinnew.co.kr/
2628,12925021,킴스피부과의원 해운대센텀,http://www.skin-today.com
2629,1856818558,지유네피부과의원,http://www.jiune.co.kr/
2630,11873645,박준형피부과의원,http://www.beautyfourseasons.com/
2631,1767857136,데르마피부과의원 해운대센텀,https://www.dermapibu.com/
2632,13251057,현명기피부과의원,http://www.hyunskin.com/
2633,37615167,맑은피부과의원,http://www.thepureskin.co.kr/
2635,294024831,더퍼스트피부과의원 대연,http://www.gowoonskin.com/
2636,13249383,고운피부과의원,http://gounnpo.com/template/main/main.php
2637,1074010845,셀리즈피부과의원,http://cellleeds.com
2638,31872092,오라클피부과의원,http://oracle.allthemedi.com/
2639,1317814625,서울피부과의원,http://beautyall.allthemedi.com/
2640,1233352132,리엔하이피부과의원,http://www.rienhighdermatology.com
2641,1048170895,하얀나라피부과의원,https://whitenaraskin.com/
2642,31699838,진피부과의원,http://jinskin.co.kr/main/main.php
2643,11660560,아름다운피부과의원,http://www.npibu.co.kr/
2644,12006595,고운피부과의원,http://goun-skin.ilikedoc.kr
2645,782906021,베스트피부과의원,http://www.bestofskin.co.kr/
2647,19519207,제주아름다운피부과의원,http://jjbtskin.com/
2648,33944986,와인피부과의원,http://www.wynecare.com/
2660,1844344590,쁨글로벌의원,https://global.ppeum.com/?lan=global_eng
2667,2093880278,포레나의원 홍대,https://www.forenaclinic.com/
2672,1950638728,365다움의원,http://www.dawoomclinic.co.kr/
2678,1813694373,리쥬엘의원 강남,https://gangnam.rejuel.com/
2683,1010494019,강남아이디의원,https://gn.idclinic.co.kr/
2684,1387677364,강남역데이원의원,http://www.gangnamdaero.dayoneclinic.co.kr/
2688,1568088519,갤러리아피부과의원 성북,https://galleriaskinsb.com
2690,1517399102,건대 닥터쁘띠의원,https://kondae.doctorpetit.com/
2691,12861474,계피부과의원,http://kye-skin.kr/
2692,2007515241,메이퓨어의원 고덕점,https://www.maypureclinic.com/ko/
2694,1442964250,고운채로의원,http://staybeautiful.co.kr/
2704,2044554538,꼬모의원,https://como.clinic/
2705,1885609042,그리니피부과의원,http://greenyskin.com/
2707,1291514703,글로우의원,https://www.glowclinic.co.kr/
2708,36662988,글로웰의원,https://www.glowell.co.kr/
2709,1183997065,기브미의원 강남,http://givemedr.com/
2718,2085876585,김재선피부과의원,http://nice080.co.kr/024550080/index.asp
2726,103304847,나라온의원,https://nalaon.imweb.me/
2728,13114270,나이스피부과의원,http://www.eniceskin.co.kr/
2732,13157627,노바피부과의원,http://www.novanova.co.kr/
2734,38667180,노블클래식의원 강동,http://noblegd.com/
2737,35524500,뉴센스의원,https://newsense2022.tistory.com/
2738,1336726778,뉴엘라인의원,https://newlssclinic.co.kr/
2743,1687821807,다올린의원,http://daolin.co.kr/
2745,1010574050,다태나의원,http://datena.kr/
2746,1455634319,닥터뉴셀의원 강남본점,https://drnewcell.com/
2750,408333644,닥터봄의원,http://www.doctorbom.co.kr/
2751,1670770936,닥터쁘띠의원 노원,https://nowon.doctorpetit.com/
2753,1523065743,닥터쁘띠의원 명동점,https://myeongdong.doctorpetit.com/
2755,1225281481,닥터스피부과의원 강북미아점,https://mia.doctors365.co.kr/
2760,1284843923,닥터제이미의원,http://www.dr-jamie.kr/
2767,2069645030,더아름다운의원,http://www.beautifulclinic.net
2768,2087004894,더결의원,https://thekyeol.com/
2770,1269833256,더리턴피부과의원 서울마곡점,http://thereturnclinicseoul.com/
2774,1707070138,더바디쉼의원,https://thebodyshim.com/
2775,1740584382,더블에이의원,http://www.doubleaclinic.com/
2776,33618063,더블유의원,http://www.wclinics.co.kr/
2777,1275280379,더빛나의원,https://thebitnaclinic.com/
2781,1400380582,더원츠의원,http://twscmobal.com/
2782,1402211314,더윤피부과의원,http://theyoonclinic.com/
2785,1888738220,더클리어의원,http://www.jnd7.com/index.php?control=html&mg=sub01&p_id=010206_2&sca=반포점
2788,1001845876,더힐피부과의원 동대문,https://thehealddm.com
2789,1012049116,데이뷰의원 건대입구역,https://daybeauclinic04.com/branch/
2791,1447475135,데이원의원 강남본점,https://gangnam.dayoneclinic.co.kr/sub/main/main.asp
2792,1991059610,도움의원,http://www.doumclinic.com/
2793,34897817,디라운지피부과의원,https://www.d-lounge.co.kr
2796,1206574387,디앤써피부과의원,https://danswerskin.com/
2799,1404886223,디의원,http://dclinic.co.kr/
2804,1808112107,라두스의원,https://ladouceclinic.imweb.me/
2805,21728106,라르떼의원 화곡점,http://larte.kr/hwagok/
2808,13412468,라엘르의원,http://www.jnd7.com
2809,38729367,라인업의원,http://lineupclinic.co.kr/
2811,1153013447,라포엘의원,https://rappoelclinic.co.kr/
2812,13087001,라플레르의원,http://www.lafleurclinic.com/
2813,13357726,래미피부과의원,http://www.raemiskin.co.kr/
2814,1710790208,레디피부과의원,https://www.redi-skin.com/
2819,12022382,로하스의원,http://www.drlohas.com/
2821,12853234,루비의원,http://www.rubyclinic.co.kr/
2827,1281734938,리마인드피부과의원,https://remind-skin.com
2829,1174276657,리멤버피부과의원 강동,http://rememberkd.com/
2830,1382592579,리멤버피부과의원 강서마곡점,http://remembergs.com/
2831,2016111974,리베리의원 마포,https://mp.reberryclinic.com/
2832,2029520414,리브힙의원,https://www.libhibclinic.com
2833,166945703,리의원,http://www.reclinic.co.kr/
2836,12800420,리퓨어피부과의원,http://www.repure.kr/2013/
2842,19737611,마이디피부과의원 신사,http://www.mydskin.co.kr/
2843,21430933,마이디피부과의원,http://www.mydskin.co.kr/
2849,13488599,맑은연세의원,http://www.pureysclinic.co.kr/
2850,1224739010,맑은윤의원,http://www.dryoonclinic.com
2851,1892217297,맑은의원,https://cleanclinic.imweb.me
2853,19861858,망우이지함피부과의원,http://mw.ljh.co.kr/
2856,1727090481,메이린의원 잠실롯데호텔,https://maylin.co.kr/
2857,1311970452,메이퓨어의원 시청역점,https://www.maypureclinic.com/ko/
2859,1163606853,멜로우피부과의원 강북본점,http://doctormellow-db.com/
2860,13172852,명동고운세상피부과의원,http://www.beautyforever.co.kr
2861,1637186355,리베리의원 명동점,https://md.reberryclinic.com/
2863,2078856916,뷰티온의원 명동,https://myeongdong.beautyon.co.kr/
2864,2090172149,명동비엘에스의원,https://www.blsclinic7.com/
2867,1877305350,모먼트의원,http://momentclinic.com/
2869,11853207,모션의원,http://www.motionclinic.co.kr/
2871,1584415518,모찌의원,https://www.mocci.clinic/
2872,1326163525,모텐셜의원,https://www.motential.co.kr/
2874,13096280,목동고운세상피부과의원,http://www.gowoonss.com/mokdong/
2879,19832790,뮤즈의원 신촌,http://museclinic.co.kr/sinchon/p
2882,1427895211,미라벨의원,http://www.mirabelclinic.co.kr/
2884,13503891,미래의원,http://www.miraeskin.co.kr
2886,207085573,미러의원,http://www.mirrorclinic.com/
2888,1497623519,미모드림의원,https://mimodream.co.kr/
2891,38273799,미서울의원,http://www.meseoulclinic.co.kr/
2892,20481099,미셀의원,https://mecellclinic.imweb.me
2893,20031135,미소가인피부과의원 방배점,http://www.misogain.co.kr/bb/
2898,11871504,미애로여성의원 중랑,http://www.miaerojr.com/
2899,12920733,미앤미의원 노원,https://nw.branch.mimimi.co.kr/index.php
2900,35640588,미앤영의원,http://cafe.naver.com/beautyandyoung/9
2901,1874390243,미엘르의원,http://mielleclinic-ydp.com/new/
2903,1155277599,미케이의원,http://mikclinic.com/
2907,11864986,바롬의원,http://www.varomclinic.co.kr/
2909,13180874,박앤박피부과의원,http://www.parknpark.co.kr/
2913,151940084,밝은얼굴의원,http://thebrightface.com/
2914,1355076865,밤비의원,http://bambiclinic.com/
2917,1388103391,밴셀의원,https://www.vencellclinic.com/
2918,1130620268,밴스의원 용산역,https://yongsan.vandsclinic.co.kr/
2920,1098492787,벨로의원,https://www.belloclinic.com
2921,2050717972,벨리스성수의원,http://bellisclinic.com/
2925,35849243,봄스피부과의원,http://www.bomsskin.com
2926,13271803,봄여름가을겨울피부과의원,http://www.ydp4clinic.co.kr/
2928,1479665885,뷰티라운지의원 방배점,http://bangbae.beautyloungeclinic.com/
2929,1665396374,뷰티스카이의원 강동천호,https://www.beautyskyclinic.com/
2930,1305919715,뷰티스톤의원 합정역,http://beautystone1.com/
2931,1192876818,브라이트피부과의원,https://brightskinseoul-kr.imweb.me/
2937,1018630347,비본영의원,https://bebornyoung.com/s/dlwa5
2939,13507190,비비라인맆팅의원,http://vvline.co.kr/m
2940,1340574574,비스포크의원,http://www.bespokeclinic.co.kr/
2941,12782967,비앤씨피부과의원,https://www.bncskin.com/
2945,13187275,빈센트의원,http://beensent.co.kr/
2947,11830611,뽀얀피부과의원,http://www.poyan.co.kr/
2948,1745126784,쁘띠플러스의원,https://petitplus.co.kr/
2949,2070275462,사당 서울뷰의원,https://seoulview-sadang.imweb.me/
2953,13319904,새하얀피부과의원 방배점,http://www.whitskin.com
2954,1090914445,샤이니의원,http://www.shinyclinic.co.kr/
2955,1883636153,샤인빔의원 강서,http://gangseo.shinebeam.co.kr/
2961,1547158180,서울새로운피부과의원,http://denovo.kr/
2962,37572580,서울에스의원 서초교대역,http://www.seoulsclinic.co.kr/
2963,1448522629,서울원피부과의원,http://www.seoulone.co.kr/
2964,1243588461,서울의원,http://www.seoulkim.co.kr
2966,34795838,서울진피부과의원,http://www.jinskin.net/
2968,1317814625,서울피부과의원,http://www.seoulskin.com/
2974,1178136535,세가지소원의원 명동점,https://twmyeongdong.com/
2975,1389497649,세니아의원 1관,http://xenia.clinic/
2977,1754693049,세린의원,https://sereneclinic.kr/
2979,2016805586,셀린의원 강남역점,https://www.cellinclinic9.com
2980,2000259691,셀린의원 잠실점,https://www.cellinclinic13.com/
2981,2018627128,셀린의원 홍대점,https://www.cellinclinic4.com/
2982,1062567443,셀린의원 명동점,https://www.cellinclinic8.com
2984,1351202046,셀앤케이의원 강서 마곡,https://www.cellnk.com
2992,1783737828,수지의원,http://sjpsder.com/
2997,21033658,스키니크의원 강남역점,http://www.skinique.co.kr/
2999,13289689,스타일미의원,http://www.stylemeclinic.co.kr/
3000,1673245622,슬림영의원,https://www.slimyoung.co.kr/
3003,1779085215,시크릿의원,https://mysecretclinic.com/
3006,1103320291,신사에그의원,https://eggclinic.co.kr/
3008,1078397481,신세계안피부과의원,https://an-clinic.com/
3010,1551808137,써밋의원 광화문역,http://www.summitclinic.co.kr/
3013,1271648307,아르떼의원 서초 본원,http://www.arteclinic.co.kr/
3014,1256803607,아르스킨의원 홍대점,https://www.arskinclinic.co.kr/
3015,20373503,아름다운미탐의원 명동,http://www.mitam.co.kr
3017,13486335,아비쥬의원 명동,http://www.wynnclinic.com
3018,38453978,아비쥬의원 여의도,http://www.abijouclinicyeo.com/
3021,2060744426,아윤의원 강남,http://ayunclinic.com
3032,11874484,양재차앤박피부과의원,https://www.cnpskin.com/pc/branch/main/main.html?jijummid=cnpskin25
3041,37558469,에스준의원 신도림점,http://sjune.co.kr/
3048,2097000932,엘리야의원,https://elliyaclinic.com
3051,31699574,엘클래식의원,https://www.lcseoul.com/
3054,1306308215,여름의원 강남,http://www.summerclinic.co.kr/
3055,1986679419,여의도상한가의원,http://www.shgclinic.com/
3056,1146311290,연세41피부과의원,https://yonsei41.imweb.me/
3057,1569394859,연세고운미의원,https://ys-gounmi.my.canva.site/dagbxuq86yo
3058,13348031,연세그린의원,http://www.clinicgreen.co.kr/
3059,12757908,연세노블의원,http://www.ysnoble.com
3063,21530548,연세마이뷰의원,http://www.mybeauti.co.kr/
3064,12887311,연세메디노블의원,http://www.medinoble.com
3065,1299663122,연세미라클의원,http://www.ysmiracle.com/
3068,11706581,연세미타임피부과의원,http://www.metime.co.kr/
3074,1120188370,연세셀즈의원,https://www.cellzclinic.com/
3076,12848430,연세지움피부과의원,http://www.ziumskin.com/
3082,37264485,연세티트리의원,http://www.teatreeclinic.kr/
3087,1454943334,영영영의원,https://www.000clinic.com
3092,1714521183,예안피부과의원,https://yeanskin.com/
3098,1847188823,오가나셀피부과의원 잠실점,https://www.oganaskinjamsil.com/
3099,19449264,오라쁘띠의원,http://www.auraskin.co.kr/default/
3104,1364121519,오르세의원,https://www.orsayclinic.co.kr/main
3105,36999470,오블리주의원 홍대,http://ohvelyjoo.com/
3106,1236380561,오션의원,https://gangnam.oceanclinic.co.kr/
3109,2054428999,오체안피부과의원 신사,https://ozheanclinic.com/
3113,31751698,온앤업의원 마포공덕,http://www.conu.co.kr/
3115,1762318955,왕십리 닥터쁘띠의원,https://wangsimni.doctorpetit.com/
3117,21667159,우리들의피부과의원,http://weskindu.mediguru.kr/
3121,1511560301,위드셀의원,http://misfillclinic.com/
3124,20059232,유레카피부과의원,http://www.eurekaskin.com
3127,1015848580,유스의원,https://yeouido.youthclinic.co.kr/
3133,1040098991,유어스킨의원,http://yourskinclinic.kr/
3135,1626919400,유어힐의원 구로,https://yourhealclinic.com/s/zivo2
3137,1211061420,유의원,http://youclinic.co.kr/
3140,1209682419,유픽의원 홍대,https://hd.upicclinic.com/index.php
3141,1049783419,윤수정의원,https://yoonclinic.mobidoc.us/
3143,1952981219,은평아이디의원,https://ep.idclinic.co.kr/
3147,1410295916,이레피부과의원,https://jirehderma.co.kr
3156,36250412,이지함피부과의원 여의도,http://www.ljh.co.kr
3157,19521641,이지함피부과의원,http://id.ljh.co.kr/
3159,12860328,이춘봉피부과의원,https://www.lcbskin.com/
3171,1391474943,자라다의원,https://jarada.kr/
3173,20519291,잠실 비엘에스의원,https://www.blsclinic6.com/index.php
3174,1175740699,예쁨주의쁨의원 잠실,https://jamsil.ppeum.com/
3176,19514392,전장원피부과의원,http://junnskin.co.kr/
3177,1513149479,점선면의원,http://www.jsm-clinic.co.kr/
3183,1021492704,제너리스의원 천호점,https://cheonho.generless.com/
3187,1211127162,제이윤피부과의원,https://jyoon.co.kr/
3188,13348443,제이제이서연외과의원,https://www.jj-hair.co.kr/
3195,32473034,좋은날피부과의원,http://www.skinworld.co.kr/
3203,11874484,차앤박피부과의원 노원,http://www.cnpskin.com/hos/main.php?groupid=cnpskin18
3204,31040575,차앤박피부과의원 건대입구점,http://www.cnpskin.com/hos/main.php?groupid=cnpskin22
3205,1479725215,참고은의원,http://www.charmgoeun.com/
3206,1254168814,참사랑의원,http://www.charmsarang.co.kr/
3213,1988052507,청담맥의원 구로,http://www.guromac.co.kr/
3217,1008293476,청담비엘의원,http://blclinic.co.kr/
3238,1660028548,카린의원,https://www.karinclinic.co.kr/
3240,260753507,코코의원,https://www.cococlinic.kr/
3243,19773803,클린앤미피부과의원,http://www.cleannmi.co.kr
3245,1071440771,클림의원 명동점,https://myeongdong.kleam.kr/
3246,1247355638,클림의원 홍대점,https://kleam.kr/
3249,13577733,탑메디피부과의원,http://www.topmediskin.com
3251,1654137944,테시토의원,https://tesito.co.kr/
3252,2053205771,테이아의원 강남,https://www.theiaclinic.co.kr/kr
3253,35957730,톡스앤필의원 강동천호,http://www.toxnfill17.com/
3254,1997248034,톡스앤필의원 송파,http://www.toxnfill29.com/
3255,1316382745,트랜드성형외과의원,http://fillup-trend.com/
3257,1122291590,팅의원,https://tingclinic.tistory.com/
3261,32048633,퍼스트피부과의원,http://firstskin.kr/
3262,1882666514,페이스피부과의원,http://faceskin.co.kr/
3265,1223275387,포엘의원,https://www.foelclinic.com
3266,11639175,포이즌의원,https://studyskin.co.kr/
3267,1661443217,프리디크의원,http://www.pridq.com/
3269,20150679,플로레의원,http://www.fulore.co.kr
3276,12873205,필그린피부과의원,http://www.feel-green.co.kr/index.html
3279,1966534323,하바나의원,http://www.havanaclinic.co.kr/
3284,1909478260,하예의원,http://hayeclinic.com/
3285,686803703,하이미의원,https://himiclinic.com/
3292,34842744,해들인의원,http://haedrin.com/
3295,1410803299,허니의원,http://honeyclinic.co.kr/
3296,20364952,허스킨의원,http://www.rbskin.com
3299,1451443807,홍대 닥터쁘띠의원,https://hongdae.doctorpetit.com/
3300,76944325,홍대 디온의원,https://theonclinic-hd.com/event/
3302,1099096672,홍대 셀레나의원,https://www.selenaskin.com/
3303,1099096672,홍대톡스앤필의원,https://www.toxnfill50.com
3304,2000049296,포에버의원 홍대점,https://hd.4everclinic.com
3305,37610931,홍앤유의원,http://www.hongnyou.co.kr/
3310,115347865,활짝피움의원,http://www.hphium.com/
3311,1111993416,휴먼피부과의원 광장점,http://kjhuman.com/
3312,2068113418,휴먼피부과의원 잠실역,https://jamsilhuman.com
3333,11559740,강한피부과의원 수원,http://www.kangskin.co.kr
3343,13569648,고운미의원,www.고운미피부과.kr/
3351,13250868,고운피부과의원,http://www.goun-skin.co.kr/
3421,35782035,넬의원,https://www.nellclinic.co.kr/
3474,337048381,더맑은의원,http://www.snpclinic.co.kr
3495,1840697193,더품의원,https://cafe.naver.com/
3498,12819916,덕천필피부과의원,http://www.f-skin.com
3514,1973385444,디킴스피부과의원,http://www.thekimsderma.co.kr/
3523,36276985,레아의원,http://www.misorae.kr
3565,19534748,맑은피부과의원,http://www.sdskin.co.kr
3567,19534748,맑은피부과의원,http://www.clear-skin.co.kr
3570,35418720,메디누리미의원,http://mitam.co.kr
3578,1250284461,메이린의원 송도,https://maylin.co.kr/
3612,11734143,미라클의원,http://www.miracleskin.co.kr/
3626,13098917,미모피부과의원,www.hayanmimo.co.kr/
3629,1456913668,미미썸의원 광주광천점,http://mimisome.com/
3679,1558758393,바로그의원 경주,http://barogclinic.com
3695,13136731,박성욱피부과의원,http://www.pswskin.co.kr/
3773,21668246,서면엘레슈의원,http://smellechou.co.kr/sm/
3783,1185025590,서울뷰의원 당진,https://cafe.naver.com/cosmeticprocedure
3790,19526846,서울참피부과의원,http://charmskin.net/
3797,1317814625,서울피부과의원,http://www.seoulskin.co.kr
3848,20590266,수의원,http://www.supibu.com
3870,1038089014,스카이피부과의원,https://skyskin.co.kr
3885,1204597950,아가파의원 광명점,http://www.agafarclinic.com/
3903,32003651,아름다운의원,http://cafe.naver.com/eunanyes
3953,1633285360,에스앤유피부과의원,http://www.snuskin.com/
3954,35179059,에스에이피부과의원,https://cafe.naver.com/saclinic
3956,1892837233,에스오디21의원,http://cafe.naver.com/sod21
3959,13459521,에스피부과의원,http://www.skinfamily.com
3963,37033162,에이지의원,https://에이지의원.com/
4024,19516795,예스피부과의원,http://www.yesskin.co.kr/
4027,13002097,예인미의원,http://cafe.naver.com/iyeinchlinic
4037,12007307,오라클피부과의원 부산서면점,http://www.oracleclinic.com/sub10/_areaInfo.php?area=부산 서면점
4040,13316780,오라클피부과의원,http://www.oracleclinic.com/
4041,13316780,오라클피부과의원,http://www.oracleclinic.com/
4043,13316780,오라클피부과의원,http://www.oracleclinic.com/
4047,13316780,오라클피부과의원,http://www.oracleclinic.com/
4048,13316780,오라클피부과의원 분당서현점,http://www.oracleclinic.com/
4144,20038099,일산이지함피부과의원,http://www.ljh.co.kr/sub01_05_06_02.php
4174,11874484,CNP차앤박피부과의원 분당 정자,http://www.cnpskin.com
4196,13249929,조은피부과의원,https://www.joeunskin.co.kr/
4215,11874484,차앤박피부과의원 수원점,http://www.cnpskin.com/hos/main.php?groupid=cnpskin16
4268,13400552,클라쎄피부과의원,http://www.klasse4u.com
4319,1140088778,하얀결피부과의원,www.하얀결피부과.com
4362,1610659020,휴먼피부과의원 청주,http://www.misogain.co.kr/intro/cheongju
